Date,Crude_Oil_Price,USD_INR,Demand_Index,Petrol_Price
2015-01-01,74.97,72.88,92.85,88.89
2015-01-02,68.62,72.73,84.12,79.81
2015-01-03,76.48,66.02,82.87,79.32
2015-01-04,85.23,73.35,83.77,89.55
2015-01-05,67.66,78.66,103.31,85.95
2015-01-06,67.66,68.63,82.07,79.91
2015-01-07,85.79,80.24,93.48,91.77
2015-01-08,77.67,77.44,110.13,89.1
2015-01-09,65.31,71.33,91.77,74.04
2015-01-10,75.43,74.29,110.53,87.68
2015-01-11,65.37,82.99,109.82,86.51
2015-01-12,65.34,78.67,89.83,79.73
2015-01-13,72.42,75.04,109.15,83.05
2015-01-14,50.87,73.81,109.91,71.76
2015-01-15,52.75,75.38,95.9,72.23
2015-01-16,64.38,72.44,88.42,76.61
2015-01-17,59.87,64.48,100.85,72.16
2015-01-18,73.14,85.21,116.86,89.31
2015-01-19,60.92,75.78,105.58,79.41
2015-01-20,55.88,76.99,86.92,74.49
2015-01-21,84.66,74.71,107.31,89.44
2015-01-22,67.74,71.32,97.09,76.86
2015-01-23,70.68,74.07,103.66,81.89
2015-01-24,55.75,67,109.36,72.66
2015-01-25,64.56,86.39,100.6,83.65
2015-01-26,71.11,68.83,112.56,80.17
2015-01-27,58.49,69.84,108.89,74.44
2015-01-28,73.76,72.8,104.6,83.17
2015-01-29,63.99,81.44,86.03,81.33
2015-01-30,67.08,75.07,113.44,82.29
2015-01-31,63.98,68.82,117.44,77.03
2015-02-01,88.52,81.27,85.48,94.63
2015-02-02,69.87,78.66,99.53,85.97
2015-02-03,59.42,77.69,90.36,74.62
2015-02-04,78.23,78.58,110.18,90.19
2015-02-05,57.79,86.97,108.87,80.21
2015-02-06,72.09,85.93,85.64,87.04
2015-02-07,50.4,71.57,115.08,69.07
2015-02-08,56.72,83.12,87.24,76.22
2015-02-09,71.97,76.92,111.89,87.35
2015-02-10,77.38,77.5,98.28,85.38
2015-02-11,71.71,66.54,93.13,76.3
2015-02-12,68.84,74.15,86.33,77.01
2015-02-13,66.99,70.94,86.7,74.9
2015-02-14,55.21,79.14,106.48,76.62
2015-02-15,62.8,80.36,102.02,77.21
2015-02-16,65.39,64.63,84.88,72.98
2015-02-17,80.57,74.89,84.51,87.99
2015-02-18,73.44,80.61,82.89,85.43
2015-02-19,52.37,74.07,109.75,71.25
2015-02-20,73.24,78.65,108.48,86.63
2015-02-21,66.15,76.76,82.34,78.84
2015-02-22,63.23,76.71,102.41,78.41
2015-02-23,76.12,73.64,83.39,83.05
2015-02-24,80.31,68.92,116.15,91.84
2015-02-25,79.31,69.39,116.28,88.59
2015-02-26,61.61,78.55,107.93,84.14
2015-02-27,66.91,75.1,117.05,80.9
2015-02-28,73.31,74.31,112.46,84.79
2015-03-01,79.76,72.88,113.14,85.66
2015-03-02,65.21,73.47,102.79,77.17
2015-03-03,68.14,80.23,92.24,86
2015-03-04,58.94,73.32,88.71,72.52
2015-03-05,58.04,68.29,93.09,75.29
2015-03-06,78.13,78.72,105.14,86.39
2015-03-07,83.56,73.98,86.91,86.31
2015-03-08,69.28,75.16,90.35,79.98
2015-03-09,80.04,83.04,98.72,90.98
2015-03-10,73.62,74.9,89.32,84.91
2015-03-11,63.55,76.45,103.55,79.97
2015-03-12,73.61,69.11,116.93,82.67
2015-03-13,85.38,73.9,109.92,91.51
2015-03-14,69.64,78.05,106.66,83.03
2015-03-15,85.65,67.22,103.31,86.78
2015-03-16,43.8,76,99.52,64.86
2015-03-17,78.22,75.5,87.46,87.93
2015-03-18,70.87,75.21,115.79,80.53
2015-03-19,67.01,80.19,89.94,84.51
2015-03-20,70.92,76.67,83.65,80.9
2015-03-21,50.12,82.39,110,72.48
2015-03-22,67.8,70.03,87.02,78.87
2015-03-23,73.57,75.68,94.88,86.87
2015-03-24,84.78,75.42,81.13,91.38
2015-03-25,64.82,69.65,85.48,76.3
2015-03-26,61.92,79.78,86.93,79.93
2015-03-27,64.98,86.62,82.18,78.42
2015-03-28,79.15,74.91,106.27,87.04
2015-03-29,73.29,77.53,113.48,84.51
2015-03-30,64.7,75.42,94.93,80.93
2015-03-31,75.13,71.43,114.98,84.38
2015-04-01,70.97,65.9,88.53,79.49
2015-04-02,79.69,71.47,93.02,86.78
2015-04-03,62.98,68.04,86.03,71.88
2015-04-04,66.72,83.52,104.82,82.75
2015-04-05,66.08,74.42,96.79,81.68
2015-04-06,55.36,73.27,104.53,71.43
2015-04-07,72.96,79.45,110.47,86.85
2015-04-08,72.61,69.39,101.83,79.94
2015-04-09,70.05,71.17,105.11,80.38
2015-04-10,67.65,75.34,117.41,82.37
2015-04-11,55.85,80.14,91.96,73.2
2015-04-12,65.79,77.51,94.37,77.99
2015-04-13,66.57,76.24,108.71,81.88
2015-04-14,61.98,75.39,104.45,76.1
2015-04-15,68.39,77,87.14,78.93
2015-04-16,74.04,76.01,95.05,82.45
2015-04-17,88.86,69.85,98.71,90.97
2015-04-18,71.75,75.23,96.78,84.71
2015-04-19,72.58,69.63,87.13,83.13
2015-04-20,69.26,75.41,116.98,81.97
2015-04-21,50.81,72.6,110.49,74.88
2015-04-22,69.73,87.7,99.25,84.83
2015-04-23,70.6,74.8,107.2,85.17
2015-04-24,94.63,67.98,115.89,94.12
2015-04-25,68.08,74.33,85.45,77.38
2015-04-26,73.02,77.6,90.01,82.36
2015-04-27,69.65,83.37,101.71,85.2
2015-04-28,58.31,72.05,111.96,76.16
2015-04-29,81.43,67.09,81.45,85.18
2015-04-30,77.52,79.08,119.36,88.19
2015-05-01,77.91,68.1,98.2,81.83
2015-05-02,60.91,72.82,94.37,73.28
2015-05-03,84.03,73.71,91.71,88.85
2015-05-04,55.98,74.65,86.97,71.72
2015-05-05,75.87,78.45,111.66,86.17
2015-05-06,91.9,71.58,118.22,96.13
2015-05-07,60.09,73.63,96.55,79.69
2015-05-08,64.34,74.93,118.1,79.38
2015-05-09,71,75.75,112.95,83.33
2015-05-10,64.97,75.49,99.24,80.22
2015-05-11,54.49,77.18,106.96,73.14
2015-05-12,70.69,79.22,97.4,85.18
2015-05-13,59.38,76.96,102.35,75.21
2015-05-14,74.74,77.27,82.32,87.65
2015-05-15,60.81,67.09,107.85,74.8
2015-05-16,85.5,75.25,82.11,88.37
2015-05-17,62.17,77.4,112.68,78.35
2015-05-18,66.78,78.64,113,81.8
2015-05-19,78.14,71.54,89.48,87.19
2015-05-20,57.69,71.7,92.95,70.05
2015-05-21,72.27,72.13,99.25,80.8
2015-05-22,83.07,77.68,103.87,90.18
2015-05-23,53.93,80.17,91.49,73.54
2015-05-24,71.85,72.96,103.7,82.12
2015-05-25,72.6,79.54,91.91,81.58
2015-05-26,77.82,75.62,82.22,84.36
2015-05-27,57.63,74.38,80.1,72.14
2015-05-28,56.8,73.94,84.05,70.8
2015-05-29,75.22,78.73,111.69,89.17
2015-05-30,72.97,76.63,118.46,88.12
2015-05-31,72.5,86.38,97.08,87.6
2015-06-01,73.46,70.74,100.51,82.88
2015-06-02,63.2,77.59,85.87,73.22
2015-06-03,72.32,72.35,102.04,81.69
2015-06-04,72.93,70.65,85.79,82.61
2015-06-05,62.86,74.95,104.45,77.29
2015-06-06,88.66,75.69,117.33,93.73
2015-06-07,74.74,89.59,87.83,94.02
2015-06-08,58.09,74.08,110.58,79.18
2015-06-09,76.57,69.35,80.94,82.71
2015-06-10,60.25,76.37,95.02,78.48
2015-06-11,77.87,64.63,84.43,76.57
2015-06-12,81.59,74.54,94.1,86.6
2015-06-13,61.79,75.08,86.94,74.86
2015-06-14,79.63,78.97,94.93,88.39
2015-06-15,74.13,79.87,96.7,85.12
2015-06-16,78.22,72.48,92.02,80.03
2015-06-17,88.97,74.25,106.26,94.48
2015-06-18,67.55,71.17,116.75,81.76
2015-06-19,62.46,69.36,96.02,78.03
2015-06-20,61.1,76.55,87.69,74.47
2015-06-21,61.84,68.63,90.83,71.9
2015-06-22,69.23,72.93,114.16,76.77
2015-06-23,73.41,70.02,102.87,81.75
2015-06-24,72.77,77.75,98.2,86.38
2015-06-25,78.27,84.01,85.99,87.94
2015-06-26,70.13,68.49,97.99,83.56
2015-06-27,84.54,65.73,91.14,85.62
2015-06-28,67.35,74.38,117.73,82.23
2015-06-29,97.2,75.08,115.36,97.16
2015-06-30,76.26,76.09,83.36,85.1
2015-07-01,61.43,72.77,100.67,72.07
2015-07-02,59.29,74,89,75.46
2015-07-03,74.82,76.84,96.43,86.72
2015-07-04,67.77,80.2,115.07,86.97
2015-07-05,77.14,65.22,101.1,80.44
2015-07-06,74.73,73.16,93.37,83.76
2015-07-07,69.27,76.07,88.32,81.95
2015-07-08,61.53,70.41,112.01,77.17
2015-07-09,54.85,83.66,104.98,75.14
2015-07-10,65.53,71.82,98.72,73.13
2015-07-11,78.56,74.79,88.7,86.62
2015-07-12,72.14,77.78,93.37,83.43
2015-07-13,57.54,72.04,118.39,74.05
2015-07-14,71.73,65.77,100.8,80.95
2015-07-15,73.85,72.86,96.03,82.97
2015-07-16,61.16,80.15,100.86,76.2
2015-07-17,71.54,73.32,111.16,79.51
2015-07-18,70.58,70.77,93.6,77.76
2015-07-19,58.57,79.63,87.15,80.5
2015-07-20,73.58,73.35,103.4,85.27
2015-07-21,75.61,72.45,106.61,85.38
2015-07-22,80.83,75.75,108.51,89.29
2015-07-23,80.54,78.85,115.28,90.9
2015-07-24,56.22,86.91,94.85,80.32
2015-07-25,60.62,79.14,83.01,75.35
2015-07-26,75.15,80.8,118.33,90.4
2015-07-27,75.14,72.47,97.4,83.12
2015-07-28,75.15,69.87,104.93,87.41
2015-07-29,108.53,75.31,106.65,107.39
2015-07-30,75.71,75.54,101.86,88.32
2015-07-31,81.36,69.61,88.21,84.31
2015-08-01,79.54,74.12,110.21,90.51
2015-08-02,76.51,77,112.15,87.3
2015-08-03,66.85,76.8,102.12,81.26
2015-08-04,77.59,77.52,99.54,90.79
2015-08-05,62.27,76.45,84.56,74.31
2015-08-06,67.63,72.46,83.36,78.3
2015-08-07,65.15,72.43,93.58,78.3
2015-08-08,70.82,69.01,92.43,80.38
2015-08-09,93.15,83.92,118.15,100.37
2015-08-10,51.33,75.07,111.34,76.13
2015-08-11,76.86,73.88,106.4,83.72
2015-08-12,53.87,70.36,100.71,73.45
2015-08-13,65.28,89.68,86.69,86.14
2015-08-14,80.89,69.63,119.14,92.1
2015-08-15,70.64,72.86,95,77.85
2015-08-16,59.22,77.08,84.28,73.05
2015-08-17,62.85,78,99.75,81.87
2015-08-18,76.8,79.79,114.96,85.74
2015-08-19,62.7,84.04,115.49,79.57
2015-08-20,72.16,77.53,80.44,81.38
2015-08-21,70.46,69.72,115.45,82.09
2015-08-22,63.48,73.72,90.86,79.85
2015-08-23,91.44,76.54,81.56,93.27
2015-08-24,76.34,85.34,113.91,90.11
2015-08-25,49.75,68.01,114.55,69.13
2015-08-26,71.86,81.01,103.85,86.84
2015-08-27,63.38,75.9,102.98,79.57
2015-08-28,78.52,79.19,112.52,89.68
2015-08-29,62.07,74.49,111.45,74.27
2015-08-30,68.85,70.79,115.6,79.35
2015-08-31,75.05,78.75,102.11,89.58
2015-09-01,78.66,78.27,118.71,90.75
2015-09-02,58,79.86,119.85,78.08
2015-09-03,66.65,74.93,84.66,80.66
2015-09-04,65.25,72,113.98,77.09
2015-09-05,63.47,67.21,99.99,74.51
2015-09-06,87.65,79.1,95.5,94.06
2015-09-07,74.05,77.12,104.52,84.85
2015-09-08,57.39,70.17,82.24,70.93
2015-09-09,79.18,72.31,100.26,86.08
2015-09-10,91.22,72.67,114.84,92.49
2015-09-11,80.32,67.59,88.54,84.44
2015-09-12,54.81,70.91,97.06,68.3
2015-09-13,65.16,69.33,117.58,78.92
2015-09-14,82.67,72.94,97.14,91.24
2015-09-15,62.92,71.31,94.33,75.15
2015-09-16,74.44,66.86,97.62,78.83
2015-09-17,77.75,85.11,100.78,90.52
2015-09-18,60.73,81.26,105.28,77.81
2015-09-19,69.4,71.1,112.03,82.47
2015-09-20,37.59,76.36,98.08,62.61
2015-09-21,59.76,77.09,112.7,81.38
2015-09-22,67.47,80.96,101.35,85.33
2015-09-23,57.52,70.91,93.54,71.92
2015-09-24,86.32,80.46,106.32,96.04
2015-09-25,55.7,72.26,108.71,72.41
2015-09-26,65.6,68.32,102.32,76.99
2015-09-27,71.31,78.62,82.26,81.74
2015-09-28,84.41,81.45,86.8,93.44
2015-09-29,55.64,87.94,91.41,80.57
2015-09-30,81.63,69,91.31,87.31
2015-10-01,70.1,78.49,106.94,85.99
2015-10-02,60.18,72.95,80.73,75.21
2015-10-03,74.62,78.92,110.23,88.47
2015-10-04,71.99,67.65,90.61,77.04
2015-10-05,64,68.69,92.4,78.52
2015-10-06,70.7,71.12,101.12,84.59
2015-10-07,66.15,75.39,88.64,78.24
2015-10-08,71.14,71.79,115.38,82.2
2015-10-09,76.62,78.3,83.41,86.86
2015-10-10,85.86,80.13,97.78,94.45
2015-10-11,57.62,78,113.98,76.77
2015-10-12,91.33,83.09,104.63,96
2015-10-13,50.48,77.08,91.69,70.9
2015-10-14,68.48,68.92,96.83,79.44
2015-10-15,75.88,81.82,108.27,90.53
2015-10-16,72.81,71.97,118.93,85.07
2015-10-17,63.77,79.55,115.73,81.11
2015-10-18,67.92,82.87,93.7,85.26
2015-10-19,65.07,77.28,119.93,82.08
2015-10-20,64.11,67.52,80.14,72.56
2015-10-21,78.5,70.41,81.11,83.01
2015-10-22,73.57,81.61,112.95,84.59
2015-10-23,63.07,74.15,87.98,75.94
2015-10-24,79,75.4,82.43,87.18
2015-10-25,73.07,78.79,89.49,84.99
2015-10-26,78.13,78.48,97.04,91.02
2015-10-27,76.3,76.39,109.22,86.73
2015-10-28,61.71,73.96,104.97,78.08
2015-10-29,64.4,73.44,89.5,78.55
2015-10-30,77.47,79.29,100.13,92.9
2015-10-31,76.1,77.77,117.05,88.76
2015-11-01,69.79,73.71,112.6,80.53
2015-11-02,71.17,80.41,92.93,85.85
2015-11-03,82.78,74.35,119.29,95.07
2015-11-04,64.08,70.74,108.34,76.93
2015-11-05,75.47,71.21,82.5,83.7
2015-11-06,67.98,70.11,81.41,79.43
2015-11-07,67.82,73.64,86.74,80.86
2015-11-08,80.99,81.17,109.11,92.22
2015-11-09,78.25,70.97,87.35,82.68
2015-11-10,78.14,75.94,100.46,87.14
2015-11-11,83.05,71.72,83.73,87.81
2015-11-12,70.21,73.7,116.84,85.11
2015-11-13,76.82,67.45,93.76,83.12
2015-11-14,66.9,73.9,116.33,80.57
2015-11-15,73.24,74.03,117.8,86.45
2015-11-16,68.7,77.7,80.25,82.05
2015-11-17,70.97,76.12,98.57,83.65
2015-11-18,75.95,69.01,80.99,79.6
2015-11-19,61.82,80.42,116.35,80.53
2015-11-20,90.92,76.05,100.74,96.94
2015-11-21,59.94,75.99,83,71.89
2015-11-22,57.86,74.95,84.41,68.95
2015-11-23,81.58,72.41,95.34,90.46
2015-11-24,77.92,76.09,117.61,89.97
2015-11-25,76.24,77.38,107.72,88.68
2015-11-26,76.28,66.27,114.7,81.59
2015-11-27,69.88,72.31,94.66,81.79
2015-11-28,61.03,73.73,81.73,74.83
2015-11-29,70.76,76.28,118.97,81.7
2015-11-30,63.23,80.97,80.69,81.24
2015-12-01,79.75,71.14,117.91,88.41
2015-12-02,68.53,72.51,94.75,78.8
2015-12-03,61.75,72.44,80.4,73.31
2015-12-04,66.79,70.99,107.57,75.2
2015-12-05,74.13,73.26,119.22,86.89
2015-12-06,64.36,78.85,118.63,82.54
2015-12-07,61.78,69.73,86.44,73.22
2015-12-08,72.44,77.14,87.25,85.6
2015-12-09,72.45,66.49,102.62,77.56
2015-12-10,64.93,72.19,105.49,77.19
2015-12-11,65.29,73.35,109.58,77.77
2015-12-12,72.32,83.37,87.24,84.91
2015-12-13,55.52,73.63,118.36,74.73
2015-12-14,55.93,63.99,105.55,70.57
2015-12-15,62.82,65.01,113.88,74.39
2015-12-16,67.87,75.17,101.6,79.2
2015-12-17,73.11,78.07,96.57,88.12
2015-12-18,84.75,76.88,119.09,98.33
2015-12-19,78.58,75.84,103.28,88.1
2015-12-20,68.4,80.81,114.67,83.32
2015-12-21,69.81,72.3,118.13,85.57
2015-12-22,59.97,79.47,107.01,75.58
2015-12-23,69.81,66.84,101.96,78.15
2015-12-24,67.11,70.48,80.14,75.08
2015-12-25,73.23,65.96,81.6,76.16
2015-12-26,61.73,73.63,88.03,74.73
2015-12-27,75.19,74.77,87.44,82.04
2015-12-28,85.33,75.57,90.19,90.47
2015-12-29,68.91,75.31,92.2,80.74
2015-12-30,74.02,70.36,94.4,80.75
2015-12-31,76.9,74.05,96.82,84.7
2016-01-01,65.99,67.51,83.95,74.53
2016-01-02,72.24,81.82,81.69,85.86
2016-01-03,70.13,73.48,106.96,81.87
2016-01-04,70.98,72.56,101.49,83.41
2016-01-05,62.27,82.94,97.77,81.49
2016-01-06,70.25,68.79,105.38,81.35
2016-01-07,74.98,69.37,113.11,86.82
2016-01-08,84.51,69.52,97.11,85.99
2016-01-09,79.59,74.66,105.64,87.24
2016-01-10,91.53,77.16,118.14,101.12
2016-01-11,62.33,78.7,113.58,79.72
2016-01-12,78.72,87.86,97.04,86.45
2016-01-13,71.83,63.75,105.79,78.77
2016-01-14,91.9,78.04,87.08,95.33
2016-01-15,61.92,72.21,102.42,71.04
2016-01-16,61.6,72.07,119.25,80.38
2016-01-17,64.01,71.9,100.73,75.81
2016-01-18,48.76,70.46,117.11,69.81
2016-01-19,64.74,83.42,96.29,81.39
2016-01-20,62.41,79.21,119.95,78.55
2016-01-21,71.5,75.12,103.17,81.12
2016-01-22,73.42,81.76,81.69,83.05
2016-01-23,88.76,67.44,103.47,92.75
2016-01-24,79.5,68.35,90.98,83.84
2016-01-25,64.23,64.11,81.3,71.27
2016-01-26,61.02,71.5,112.83,74.63
2016-01-27,74.92,75.81,91.03,86.77
2016-01-28,56.8,75.51,111.86,78.4
2016-01-29,88.31,75.75,91.53,94.81
2016-01-30,81.79,67.94,87.77,86.01
2016-01-31,65.31,79.02,118.96,83.27
2016-02-01,52.87,76.2,94.47,69.22
2016-02-02,83.54,78.67,104.06,91.51
2016-02-03,68.85,65.54,104.4,76.6
2016-02-04,82.38,76.56,102.42,86.64
2016-02-05,54.06,69.06,116.59,73.83
2016-02-06,64.01,73.01,106.98,76.92
2016-02-07,70.05,77.67,96.15,85.1
2016-02-08,70.47,75.46,114.5,85.68
2016-02-09,65.5,70.74,87.24,77.43
2016-02-10,76.23,75.03,101.77,87.15
2016-02-11,59.32,67.34,118.02,73.1
2016-02-12,68.58,80.75,105.02,87.67
2016-02-13,71.2,73.97,112.68,83.66
2016-02-14,75.14,80.59,106.14,88.54
2016-02-15,77.12,72.37,113.57,85.28
2016-02-16,58.75,72.38,117.78,74.12
2016-02-17,54.66,71.18,90.92,71.31
2016-02-18,82.78,79.38,86.79,90.53
2016-02-19,73.32,71.45,99.36,80.93
2016-02-20,62.52,78.22,108.07,76.73
2016-02-21,85.51,73.09,89.09,86.91
2016-02-22,71.16,65.12,80.16,79.15
2016-02-23,81.79,72.15,93.72,86.08
2016-02-24,70.68,69.1,118.75,81.25
2016-02-25,90.61,75.17,107.8,98.11
2016-02-26,87.55,69.05,96.05,87.51
2016-02-27,67.51,79.63,87.7,79.67
2016-02-28,79.72,74.54,94.24,85.53
2016-02-29,76.45,74.11,86.79,87.43
2016-03-01,83.69,78.28,84.25,93.94
2016-03-02,60.35,79.82,116.27,81.27
2016-03-03,76.86,74.9,119.91,89.63
2016-03-04,80.58,71.14,86.56,84.3
2016-03-05,52.41,66.13,82.18,70.01
2016-03-06,58.17,71.57,93.19,73.38
2016-03-07,49.61,71.91,98.47,70.08
2016-03-08,67.31,75.54,88.19,79.21
2016-03-09,77.18,73.27,92.06,84.29
2016-03-10,85.02,78.44,88.03,94.52
2016-03-11,70.74,71.94,110.97,83.4
2016-03-12,86.29,74.71,108.5,95.41
2016-03-13,56.2,80.92,105.4,77.14
2016-03-14,52.97,76.71,95.49,70.32
2016-03-15,69.44,74.7,116.36,82.01
2016-03-16,73.84,71.99,118.78,85.18
2016-03-17,69.67,71.83,86.95,77.98
2016-03-18,49.33,70.75,88.92,64.58
2016-03-19,69.11,72.29,101.03,82.89
2016-03-20,56.96,78.78,83.65,72.96
2016-03-21,76.7,73.89,97.46,85.6
2016-03-22,73.67,68.25,103.27,82.42
2016-03-23,60.6,83.84,100.88,78.81
2016-03-24,64.86,76.6,93.24,81.78
2016-03-25,59.41,67.97,101.7,70.77
2016-03-26,69.37,72.79,118.35,83.1
2016-03-27,79.55,75.55,88.24,87.27
2016-03-28,60.14,83.52,106.19,80
2016-03-29,75.04,69.46,81.74,78.39
2016-03-30,64.7,79.88,82.66,80.78
2016-03-31,62.07,82,102.07,81.74
2016-04-01,68.93,71.86,84.2,77.17
2016-04-02,59.65,73.61,80.89,74.74
2016-04-03,64.46,69.82,86.86,76.04
2016-04-04,58.02,73.98,102.59,72.1
2016-04-05,89.65,74.82,108.13,92.82
2016-04-06,70.35,78.3,88.1,84.62
2016-04-07,63,80.45,106.73,81.27
2016-04-08,72.14,71.26,87.3,79.39
2016-04-09,68.88,65.16,104.54,76.13
2016-04-10,67.79,74.89,96.48,79.25
2016-04-11,76.14,76.47,106.15,86
2016-04-12,77.58,76.25,119.8,87.34
2016-04-13,64.69,73.37,117.51,76.43
2016-04-14,64.24,75.62,80.17,79.09
2016-04-15,67.25,82.58,115.42,86.87
2016-04-16,46.98,76.91,82.66,64.67
2016-04-17,54.85,73.13,118.12,74.25
2016-04-18,83.67,72.5,91.27,86.52
2016-04-19,86.45,74.15,95.28,90.53
2016-04-20,67.51,83.18,83.67,81.46
2016-04-21,75.77,74.08,84.49,82.69
2016-04-22,73.11,74.9,109.07,88.74
2016-04-23,100.79,72.59,117.77,100.41
2016-04-24,81.2,80.49,104.43,89.74
2016-04-25,68.72,84.8,108.63,84.49
2016-04-26,60.44,77.25,110.48,80.3
2016-04-27,53.94,75.41,90.51,68.27
2016-04-28,72.03,75.18,81.81,79.95
2016-04-29,62.44,63.08,80.07,73.6
2016-04-30,55.78,78.73,94.03,74.85
2016-05-01,63.53,75.67,89.66,77.74
2016-05-02,59.18,77.14,82.49,78.88
2016-05-03,86.87,71.44,87.18,89.91
2016-05-04,78.82,73.08,84.98,83.61
2016-05-05,69.92,72.94,116.6,82.22
2016-05-06,84.8,80.11,85.61,89.21
2016-05-07,70.77,73.11,101.51,84.37
2016-05-08,61.39,85.41,103.72,82.52
2016-05-09,85.23,77.15,101.74,94.42
2016-05-10,75.39,68.62,83.96,83.5
2016-05-11,59.63,74.36,92.75,73.97
2016-05-12,68.1,71.74,82.05,75.87
2016-05-13,61.24,64.03,95.83,71.84
2016-05-14,56.17,83,87.54,73.91
2016-05-15,79.26,78.52,102.47,89.54
2016-05-16,89.09,77.67,107.71,97.56
2016-05-17,56.01,75.83,101.28,73.73
2016-05-18,75.63,68.09,97.37,82.65
2016-05-19,63.49,72.58,95.49,76.49
2016-05-20,65.13,79.21,113.67,83.73
2016-05-21,64.08,69.74,88.77,73.89
2016-05-22,61.36,62.34,109.37,68.3
2016-05-23,70.49,73.86,110.3,83.81
2016-05-24,61.69,74.29,96.77,78.38
2016-05-25,72.7,75.68,91.89,83.97
2016-05-26,69.5,78.64,98.82,81.76
2016-05-27,67.61,78.19,83.73,77.94
2016-05-28,60.92,76.29,81.84,76.24
2016-05-29,64.23,80.98,84.46,79.66
2016-05-30,77.55,67.41,87.49,81.99
2016-05-31,75.01,77.52,100.17,89.68
2016-06-01,60.22,78.13,113.97,76.89
2016-06-02,70.99,68.8,89.43,82.61
2016-06-03,77.51,67.49,117.41,85.31
2016-06-04,53.31,71.27,118.2,68.64
2016-06-05,75.43,71.69,118.36,85.41
2016-06-06,63.37,78.77,113.5,82.8
2016-06-07,75.71,71.93,94.55,82.92
2016-06-08,62.37,70.72,82.91,71.05
2016-06-09,51.95,71.94,102.75,69.89
2016-06-10,53.72,80.59,102.35,72.99
2016-06-11,70.48,75.07,114,84.7
2016-06-12,72.6,74.1,119.84,86.73
2016-06-13,60.96,74.45,100.33,74.28
2016-06-14,76.39,81.46,93.81,86.39
2016-06-15,53.38,71.25,87.44,70.79
2016-06-16,69.34,81.58,80.19,80.54
2016-06-17,57.89,76.05,100.36,73.03
2016-06-18,63.48,74.2,102.22,75.63
2016-06-19,70.47,87.5,113,89.29
2016-06-20,61.4,69.72,100.18,75.36
2016-06-21,66.15,73.23,116.66,79.28
2016-06-22,80.06,68.84,105.12,86.09
2016-06-23,64.23,79.76,113.61,84.86
2016-06-24,78.36,83.45,85.93,87.04
2016-06-25,58.7,83.35,114.21,76.08
2016-06-26,75.3,81.12,107.01,89.24
2016-06-27,84.42,74.01,86.81,88.72
2016-06-28,45.28,73.17,87.59,63.77
2016-06-29,62.03,66.64,117.06,76.88
2016-06-30,75.77,85.18,81.29,89.34
2016-07-01,67.97,77.34,98.5,77.15
2016-07-02,73.71,72.54,92.54,81.19
2016-07-03,63.96,81.64,106.6,86.33
2016-07-04,70.87,70.14,113.59,83.1
2016-07-05,68.44,77.03,94.42,82.67
2016-07-06,81.68,74.14,97.08,90.72
2016-07-07,72.54,78.19,119.28,86.76
2016-07-08,73.38,74.68,111.36,86.63
2016-07-09,65.88,67.75,115.89,79.65
2016-07-10,65.12,75.38,97.55,80.06
2016-07-11,65.67,80.24,89.36,79.79
2016-07-12,73.94,74.85,96.47,84.3
2016-07-13,65.79,78.88,108.64,80.71
2016-07-14,72.9,69.77,84.38,80.11
2016-07-15,90.75,74.87,90.82,91.14
2016-07-16,78.71,71.88,81.87,82.58
2016-07-17,66.74,78.73,97.29,80.7
2016-07-18,82.01,75.16,113.1,88.69
2016-07-19,65.92,78.45,80.99,78.02
2016-07-20,49.62,80.44,107.01,72.32
2016-07-21,59.92,78.46,117.3,79.87
2016-07-22,51.29,76.37,89.48,72.17
2016-07-23,66.48,70.01,107.75,77.74
2016-07-24,70.18,74.99,119,86.67
2016-07-25,86.76,72.33,118.49,94.71
2016-07-26,73.27,73.28,89.4,83.22
2016-07-27,67.81,73.13,84.01,78.65
2016-07-28,78.29,70.1,85.93,84.25
2016-07-29,47.89,65.21,108.08,68
2016-07-30,72.36,71.66,109.03,85.43
2016-07-31,77.71,75.97,106.97,90.38
2016-08-01,55.21,68.26,93.44,69.86
2016-08-02,81.44,75.08,86.79,88.68
2016-08-03,73.38,84.5,103.23,90.84
2016-08-04,65.85,80.12,99.35,80.25
2016-08-05,76.33,83.22,109.15,89.36
2016-08-06,92.71,76.96,97.65,96.21
2016-08-07,71.82,80.84,93.55,86.58
2016-08-08,72.48,71.38,91.74,83.04
2016-08-09,65.41,71.78,88.46,76.34
2016-08-10,61.5,61.3,90.63,67.47
2016-08-11,78.3,80.93,83.79,88.22
2016-08-12,61.44,82.7,93.87,77.49
2016-08-13,70.72,72.23,81.46,76.49
2016-08-14,65.22,73.73,87.46,74.84
2016-08-15,74.79,71.23,109.87,85.01
2016-08-16,73.34,76.91,93.02,86.79
2016-08-17,80.38,80.62,106.73,91.23
2016-08-18,64.9,66.29,108.68,76.75
2016-08-19,67.3,77.05,103.25,83.89
2016-08-20,60.21,73.62,118.35,74.32
2016-08-21,65.56,75.57,80.86,78.69
2016-08-22,73.77,77.29,109.55,86.11
2016-08-23,77.57,74.06,118.35,89.13
2016-08-24,60.78,74.48,114.49,76.74
2016-08-25,78.7,73.93,86.72,83.83
2016-08-26,83.56,79.85,93.07,91.66
2016-08-27,74.13,77.09,86.9,87.3
2016-08-28,88.77,76.1,104.05,95.83
2016-08-29,62.26,68.65,108.49,74.65
2016-08-30,57.55,73.11,92.68,70.36
2016-08-31,52.21,79.49,101.58,69.92
2016-09-01,84.96,75.19,107.64,94.45
2016-09-02,76.54,78.3,96.85,85.02
2016-09-03,69.44,83.83,114.16,85.96
2016-09-04,72.8,80.19,110.86,89.48
2016-09-05,58.75,75.47,82.59,70.47
2016-09-06,94.46,72.45,104.85,99.13
2016-09-07,71.29,62.23,89.41,76.1
2016-09-08,71.09,74.16,102.3,80.25
2016-09-09,77.26,73.37,118.28,87.04
2016-09-10,74.81,76.95,115.16,85.74
2016-09-11,72.24,74.23,96.18,83.54
2016-09-12,62.1,73.4,91.66,74.49
2016-09-13,74.71,66.1,89.38,76.38
2016-09-14,88.82,70.3,101.3,91.1
2016-09-15,83.45,77.38,84.57,86.77
2016-09-16,85.93,83.58,101.97,95.6
2016-09-17,64.89,74.51,80.05,74.37
2016-09-18,60.1,76.64,92.95,75.03
2016-09-19,68.74,79.76,88.8,82.39
2016-09-20,70.56,70.95,118.85,82.18
2016-09-21,80.94,76.83,109.09,90.71
2016-09-22,53.08,71.3,93.99,71.13
2016-09-23,85.3,79.32,83.71,88.96
2016-09-24,68.42,75.76,100.67,81.29
2016-09-25,65.73,76.49,88.54,72.23
2016-09-26,59.88,71.09,101.46,75
2016-09-27,53.45,78.54,113.41,74.23
2016-09-28,78.23,85.42,104.63,89.6
2016-09-29,70.73,69.96,105.35,81.59
2016-09-30,57.1,73.3,101.64,76.09
2016-10-01,57.05,76.16,117.09,75.45
2016-10-02,66.64,78.93,117.28,81.39
2016-10-03,86.69,72.2,100.51,91.28
2016-10-04,67.4,60.83,92.23,71.32
2016-10-05,54.97,81.8,98.38,74.22
2016-10-06,67.54,78.8,87.46,83.23
2016-10-07,67.27,66.29,105.45,77.55
2016-10-08,43.03,71.96,100,60.84
2016-10-09,69.46,82.84,84.13,79.63
2016-10-10,67.69,82.24,87.91,82.63
2016-10-11,76.96,79.69,99.19,89.7
2016-10-12,88.49,74.12,115.5,91.06
2016-10-13,81.27,75.41,102.66,90.09
2016-10-14,67.31,74.35,107.26,83.51
2016-10-15,58.93,80.64,93.56,80.75
2016-10-16,95.73,70.62,102.86,96.63
2016-10-17,70.59,70.97,97.9,81.55
2016-10-18,70.14,80.05,106.37,80.47
2016-10-19,69.76,74.78,82.02,84.17
2016-10-20,71.98,81.89,99.73,84.77
2016-10-21,68.56,71.64,91.84,77.11
2016-10-22,64.26,74.73,93.05,77.24
2016-10-23,64.53,70.39,118.44,81.74
2016-10-24,69.67,75.04,87.31,84.97
2016-10-25,64.57,67.61,92.45,75.28
2016-10-26,62.87,72.56,100.4,78.78
2016-10-27,71.06,67.82,114.52,81.3
2016-10-28,67.45,78.47,96.67,79.45
2016-10-29,85.04,78.58,109.75,96.38
2016-10-30,43.49,66.35,114.25,62.81
2016-10-31,80.92,81.67,92.4,93.53
2016-11-01,82.46,87.49,95.71,96.64
2016-11-02,49.27,75.23,94.26,70.31
2016-11-03,66.57,71.79,113.31,83.65
2016-11-04,66.29,89.12,81.77,88.06
2016-11-05,55.92,68.41,92.34,69.8
2016-11-06,62.22,75.1,107.18,76.47
2016-11-07,58.89,75.9,102.62,72.23
2016-11-08,87.52,81.73,97.45,99.44
2016-11-09,79.36,76.8,101.6,87.62
2016-11-10,82.72,72.51,87.9,89.7
2016-11-11,77.22,70.24,97.23,82.67
2016-11-12,58.71,73.29,100.07,77.63
2016-11-13,64.75,69.97,116.05,77.04
2016-11-14,74.89,75.24,90.43,81.69
2016-11-15,57.78,72.18,114.71,74.59
2016-11-16,77.13,67.53,105.77,82.8
2016-11-17,67.6,81.28,80.81,82.35
2016-11-18,66.25,72.51,108.99,79.55
2016-11-19,77.11,68.66,81.42,83.13
2016-11-20,74.44,74.16,119.9,85.74
2016-11-21,66.39,75.34,114.91,80.13
2016-11-22,81.59,66.27,91.89,83.48
2016-11-23,59.19,76.66,90.3,79.3
2016-11-24,76.16,69.76,95.26,83.58
2016-11-25,75.93,83.56,94.25,84.44
2016-11-26,66.9,77.62,94.89,79.64
2016-11-27,73.26,73,92.73,82.62
2016-11-28,57.49,71.27,104.85,77.18
2016-11-29,79.24,74.48,86.57,88.05
2016-11-30,68.15,78.06,113.84,81.65
2016-12-01,64.77,74.87,112.5,84.9
2016-12-02,80.49,73.91,99.06,87.7
2016-12-03,62.96,75.29,114.11,81.8
2016-12-04,55.92,71.98,89.89,69.02
2016-12-05,54.43,73.28,80.7,65.24
2016-12-06,76.06,64.57,104.77,79.12
2016-12-07,57.2,79.87,98.32,69.6
2016-12-08,87.55,76.49,102.69,97.62
2016-12-09,49.18,71.13,115.97,69.99
2016-12-10,86.96,84.49,118.8,96
2016-12-11,72.11,75.44,105.38,84.89
2016-12-12,69.03,69.82,110.56,80.78
2016-12-13,64.55,79.28,83.35,80.02
2016-12-14,73.99,76.99,86.43,86.25
2016-12-15,69.62,76.97,109.33,82.91
2016-12-16,81.03,72.87,97.25,85.73
2016-12-17,71.14,77.25,97.84,85.02
2016-12-18,71.5,73.69,92.34,83.21
2016-12-19,66.36,77.78,104.29,81.56
2016-12-20,69.43,65.48,87.41,80.95
2016-12-21,73.08,72.83,105.08,82.61
2016-12-22,52.9,83.61,86.95,72.08
2016-12-23,56.52,71.16,82.55,71.47
2016-12-24,77.43,71.98,93.21,83.22
2016-12-25,71.71,72.76,89.25,82.05
2016-12-26,68.16,68.93,115.56,78.36
2016-12-27,70.18,63.96,82.2,75.11
2016-12-28,73.48,73.85,87.06,86.12
2016-12-29,64.6,75.68,101.95,78.42
2016-12-30,62.22,74.74,99.24,75.55
2016-12-31,71.96,74.28,81.83,83.41
2017-01-01,60.22,75.22,80.29,72.15
2017-01-02,74.08,80.11,119.52,87.06
2017-01-03,52.97,74.05,106.35,73.19
2017-01-04,80.29,72.13,94.62,88.36
2017-01-05,74.73,73.59,98.82,86.6
2017-01-06,72.56,77.9,90.66,82.27
2017-01-07,79.83,82.06,93.79,91.29
2017-01-08,86.65,71.86,105.96,90.4
2017-01-09,80.14,75.49,115.31,88.6
2017-01-10,51.59,76.69,87.37,72.77
2017-01-11,57.2,70.04,113.61,72.6
2017-01-12,63.75,75.1,84.86,77.33
2017-01-13,70.26,67.67,88.6,78.4
2017-01-14,75.18,66.15,81.49,77.58
2017-01-15,62.74,76.83,85.63,78.87
2017-01-16,71.87,73.08,116.69,85.14
2017-01-17,62.45,76.01,98.38,73.74
2017-01-18,63.88,74.91,83.11,77.16
2017-01-19,55.93,70.12,118.39,71.9
2017-01-20,60.77,74.77,115.16,80.08
2017-01-21,56.48,68.83,110.19,69.55
2017-01-22,60.24,81.95,117.34,79.95
2017-01-23,80.54,68.22,88.81,85.22
2017-01-24,60.51,74.02,113.45,77.37
2017-01-25,96.32,69.79,107.6,97.99
2017-01-26,74.93,77.85,114.79,84.54
2017-01-27,71.85,73.34,111.88,86.94
2017-01-28,61.42,72.41,93.86,76.25
2017-01-29,77,79.27,110.98,91.73
2017-01-30,64.24,75.15,90.5,79.4
2017-01-31,71.22,77.58,93.14,83.05
2017-02-01,95.6,70.09,84.32,91.26
2017-02-02,69.04,67.98,117.4,79.23
2017-02-03,81.49,75.54,91.64,91.45
2017-02-04,62.97,73.41,100.82,80
2017-02-05,69.65,78.13,95.65,81.37
2017-02-06,87.71,74.6,118.4,88.67
2017-02-07,63.73,76.03,93.4,77.56
2017-02-08,88.12,66.88,111.14,90.16
2017-02-09,77.08,84.44,114.22,90.95
2017-02-10,64.38,74.18,97.42,79.1
2017-02-11,76.32,78.49,95.13,88.45
2017-02-12,79.73,70.82,109.91,89.14
2017-02-13,76.22,76.54,116.52,88.89
2017-02-14,54.3,68.49,110.2,67.39
2017-02-15,62.73,77.26,89.09,76.77
2017-02-16,67.52,73.22,115.53,85.96
2017-02-17,69.26,75.15,95.5,81.91
2017-02-18,76.21,78.49,103.05,88.16
2017-02-19,71.78,68.84,113.26,82.65
2017-02-20,56.65,71.58,87.54,72.21
2017-02-21,73.8,77.29,111.38,81.57
2017-02-22,76.11,85.49,103.85,89.77
2017-02-23,75.6,74.31,115.73,86.58
2017-02-24,80.81,77.96,86.88,90.92
2017-02-25,78.34,74.47,96.83,86.57
2017-02-26,74.59,84.71,113.31,86.68
2017-02-27,69.3,66.26,80.77,77.02
2017-02-28,53.39,75.47,84.49,69.06
2017-03-01,74.3,66.87,119.62,80.86
2017-03-02,72.08,62.47,91.22,75.69
2017-03-03,72.72,76.49,119.02,87.22
2017-03-04,57.23,75.7,87.3,75.87
2017-03-05,59.19,73.58,94.44,75.36
2017-03-06,80.53,74.47,110.11,90.38
2017-03-07,69.6,90.49,106.31,89.53
2017-03-08,76.82,73.71,103.24,86.1
2017-03-09,70.28,77.55,101.2,84.7
2017-03-10,70.3,71.75,113.74,77.42
2017-03-11,79.38,76.48,89.4,87.38
2017-03-12,64.84,73.81,97.7,76.11
2017-03-13,70.96,72.95,86.22,82.7
2017-03-14,65.38,84.09,103.84,82.95
2017-03-15,65.66,80.89,90.02,80.82
2017-03-16,66.91,75.68,93.35,76.74
2017-03-17,72.22,63.48,98.85,80.64
2017-03-18,65.21,73.19,81.07,77.76
2017-03-19,82.56,88.52,83.68,94.43
2017-03-20,61.05,73.85,107.44,75.29
2017-03-21,68.13,80.52,97.16,81.25
2017-03-22,65.6,82.21,114.59,84.15
2017-03-23,84.47,76.09,107.79,90.51
2017-03-24,71.97,70.79,80.32,80.4
2017-03-25,80.32,62.82,104.67,79.47
2017-03-26,55.14,78.42,83.75,71.85
2017-03-27,72.67,70.93,111.24,86.69
2017-03-28,78.9,75.88,119.66,90.54
2017-03-29,70.82,68.75,101.25,80.45
2017-03-30,80.65,73.67,107.31,92.56
2017-03-31,64.83,75.17,89.49,73.24
2017-04-01,84.09,76.34,97.5,89.11
2017-04-02,92.99,69.43,114.24,94.19
2017-04-03,66.37,80.98,86.7,82.6
2017-04-04,65.54,72.02,90.62,78.95
2017-04-05,84.53,66.63,97.82,85.42
2017-04-06,85.8,74.45,108.49,94.1
2017-04-07,64.77,75.17,95.04,77.63
2017-04-08,65.8,75.8,117.11,83.93
2017-04-09,67.18,81.81,83.78,79.34
2017-04-10,56.56,73.82,94.83,72.7
2017-04-11,60.81,74.4,108.36,76.1
2017-04-12,59.96,69.48,89.04,74.78
2017-04-13,62.32,79.1,106.26,78.61
2017-04-14,69.65,75.92,86.57,80.73
2017-04-15,72.34,72.9,82.24,81.8
2017-04-16,85.51,65.48,84.84,87.07
2017-04-17,60.02,82.22,117.2,82.39
2017-04-18,79.84,68.86,102.07,86.08
2017-04-19,67.86,72.04,111.85,79.88
2017-04-20,69.51,76.79,93.31,81.05
2017-04-21,76.75,69.02,103.71,84.08
2017-04-22,58.77,67.53,99.8,72.75
2017-04-23,73.82,64.38,117.83,81.53
2017-04-24,71.66,78.6,109.9,85.46
2017-04-25,74.92,72.27,109.22,81.75
2017-04-26,72.89,89.64,81.85,89.11
2017-04-27,94.55,70.03,101.99,95.3
2017-04-28,63.62,70.39,98.68,78.2
2017-04-29,64.69,72.17,117.11,79.39
2017-04-30,63.77,76.22,90.29,74.3
2017-05-01,64.45,72.65,90.79,76.09
2017-05-02,63.63,78.06,96.45,78.65
2017-05-03,81.89,70.11,89.73,87.64
2017-05-04,84.21,68.09,85.17,82.14
2017-05-05,64.29,66.01,114.3,76.49
2017-05-06,61.68,63.88,102.33,73.82
2017-05-07,74.71,72.41,114.45,83.91
2017-05-08,64.48,73.5,113.25,79.56
2017-05-09,76.33,71.84,91.28,82.41
2017-05-10,72.03,81.22,101.91,84.44
2017-05-11,54.84,81.14,83.33,72.88
2017-05-12,85.48,73.33,116.61,90.86
2017-05-13,87.96,66.03,96.17,90.17
2017-05-14,63.87,72.17,95.75,75.3
2017-05-15,66.12,72,92.11,75.88
2017-05-16,72.86,71.71,98.43,85.78
2017-05-17,73.34,71.51,90.07,83.54
2017-05-18,76.59,71.73,94.99,80.42
2017-05-19,90.1,73.07,112,92.96
2017-05-20,68.23,71.82,113.37,81.49
2017-05-21,62.02,76.04,92.17,77.49
2017-05-22,56.21,76.8,98.76,71.34
2017-05-23,62.69,70.45,114.95,79.61
2017-05-24,69.67,81.36,82.11,84.21
2017-05-25,87.95,70.1,115.57,93.33
2017-05-26,64.82,66.91,88.77,77.25
2017-05-27,72.24,76.9,107.14,85.72
2017-05-28,69.84,70.91,103.3,81.5
2017-05-29,81.88,76.61,102.12,93.1
2017-05-30,95.27,62.98,114.37,95.99
2017-05-31,64.69,81.96,84.06,78.32
2017-06-01,65.11,78.36,93.88,81.06
2017-06-02,80.44,67.5,101.53,84.09
2017-06-03,76.82,67.61,112.45,85.39
2017-06-04,88.47,83.36,88.66,96.25
2017-06-05,75.84,71.31,112.12,82.47
2017-06-06,66.41,70.83,95.99,77.53
2017-06-07,75.91,63.67,87.56,80.3
2017-06-08,81.09,73.25,110.36,88.12
2017-06-09,78.2,73.86,83.64,85.46
2017-06-10,75.07,78.58,100.59,88.14
2017-06-11,80.67,68,82.56,83.8
2017-06-12,81.69,67.4,94.26,85.85
2017-06-13,83.82,77.25,104.04,94.36
2017-06-14,76.49,80.03,102.24,89.08
2017-06-15,68.33,67.14,96.19,77.87
2017-06-16,71.47,80.41,97.16,82.85
2017-06-17,82.07,75.19,89.07,89.57
2017-06-18,61.83,80.46,98.24,79.77
2017-06-19,73.69,74.65,118.13,88.45
2017-06-20,66.07,62.39,114.02,76.09
2017-06-21,70.29,74.24,85.81,76.82
2017-06-22,82.78,80.3,81.19,86.51
2017-06-23,71.91,70.53,117.34,84.56
2017-06-24,70.46,73.06,101.07,80.47
2017-06-25,56.4,74.12,101.51,74.51
2017-06-26,77.46,60.5,111.23,82.03
2017-06-27,76.45,83.36,92.59,88.14
2017-06-28,91.63,70.49,99.28,92.91
2017-06-29,66.92,77.53,118.75,81.31
2017-06-30,72.19,74.57,106.89,83.8
2017-07-01,72.49,81.29,86.15,83.46
2017-07-02,85.77,77.03,85.33,90.06
2017-07-03,69.05,73.83,88.17,79.13
2017-07-04,72.79,70.53,110.67,82.5
2017-07-05,76.08,78.99,91.82,88.27
2017-07-06,71.87,65.63,80.86,77.2
2017-07-07,65.54,78.23,117.77,84.44
2017-07-08,71.94,69.5,86.79,82.72
2017-07-09,80.74,81.26,80.38,90.7
2017-07-10,59.73,75.81,89.49,76.18
2017-07-11,71.33,78.22,89.4,83.68
2017-07-12,63,75.41,96.88,79.38
2017-07-13,81.95,66.24,116.82,87.53
2017-07-14,54.77,70.7,115.17,74.63
2017-07-15,64.41,78.36,98.28,81.05
2017-07-16,73.77,75.83,96.44,83.52
2017-07-17,85.66,80.9,102.2,95.77
2017-07-18,69.34,77.02,89.74,81.57
2017-07-19,64.45,70.17,82.09,74.73
2017-07-20,88.81,71.02,117.57,92.5
2017-07-21,55.52,75.51,87.47,72.6
2017-07-22,48.01,63.43,87.94,64.96
2017-07-23,74.4,83.37,98.9,89.66
2017-07-24,64.98,77.21,99.66,80.54
2017-07-25,59.79,81.14,80.74,77.6
2017-07-26,77.08,67.1,85.92,84.22
2017-07-27,72.44,81.22,95.13,85.17
2017-07-28,64.36,86.16,107.35,81.58
2017-07-29,57.2,68.4,89.14,73.2
2017-07-30,78.72,78.86,96.92,87.41
2017-07-31,76.5,75.01,102.29,84.75
2017-08-01,69.01,67.28,115.54,76.28
2017-08-02,88.47,77.46,93.04,94.51
2017-08-03,59.3,79.17,85.34,72.54
2017-08-04,54.74,71.99,99.57,70.1
2017-08-05,63.08,80.83,109.87,82.34
2017-08-06,69.54,66.67,84.39,78.27
2017-08-07,72.43,67.53,96.99,78.87
2017-08-08,67.59,75.68,80.71,78.63
2017-08-09,73.52,75.13,81.34,80.55
2017-08-10,57.48,71.42,99.32,71.89
2017-08-11,84.44,79.05,91.93,92.01
2017-08-12,69.18,77.65,113.8,82.94
2017-08-13,81.17,79.29,104.09,90.34
2017-08-14,73.43,74.38,98.16,80.7
2017-08-15,74.57,78.01,96.32,87.84
2017-08-16,75.7,72.77,99.89,85.54
2017-08-17,74.48,85.27,81.62,88.54
2017-08-18,76.43,70.94,115.71,88.39
2017-08-19,83.29,85.53,119.93,94.53
2017-08-20,71.97,75.17,87.26,81.26
2017-08-21,77.09,68.12,84.82,78.19
2017-08-22,69.1,81.84,85.74,89.05
2017-08-23,84.4,75.63,106.44,91.24
2017-08-24,63.24,79.26,106.46,82.37
2017-08-25,88.01,81.12,113.92,94.17
2017-08-26,69.6,76.69,110.07,85.44
2017-08-27,55.69,72.04,97.99,75.74
2017-08-28,71.28,79.88,104.51,85.05
2017-08-29,63.19,75,107.53,76.65
2017-08-30,78.41,78.43,100.51,88.19
2017-08-31,63.47,64.23,99.03,69.22
2017-09-01,65.54,77.23,105.8,80.72
2017-09-02,51.1,71.81,102.3,71.26
2017-09-03,65.48,83.27,105.76,83.1
2017-09-04,45.76,78.12,104.51,68.59
2017-09-05,54.16,76.2,108.77,74.91
2017-09-06,77.6,77.43,105.71,89.31
2017-09-07,77.86,70.01,100.79,81.48
2017-09-08,74.25,83.12,107.27,88.7
2017-09-09,60.33,84.96,97.98,84.85
2017-09-10,69.52,76.96,89.67,78.79
2017-09-11,69.96,82.95,80.06,82.99
2017-09-12,58.42,72.15,102.4,78.04
2017-09-13,85.03,71.01,103.63,91.99
2017-09-14,78.77,75.2,118.88,88.2
2017-09-15,67.79,77.17,94.46,81.4
2017-09-16,70.27,73.03,95.77,80.95
2017-09-17,72.08,77.69,88.07,81.63
2017-09-18,49.58,76.53,82.82,68.49
2017-09-19,67.53,70.01,110.91,79.05
2017-09-20,63.18,77.59,89.99,78.17
2017-09-21,59.98,79.32,104.36,76.66
2017-09-22,67.19,75.86,107.51,78.86
2017-09-23,87.98,80.76,98.85,94.89
2017-09-24,76.41,68.91,115.05,88.35
2017-09-25,64.29,77.34,97.75,79.45
2017-09-26,75.73,69.15,91.4,81.57
2017-09-27,83.99,69.43,115.84,91.26
2017-09-28,79.25,71.85,114.46,87.42
2017-09-29,70.6,70.29,86.56,82.87
2017-09-30,63.53,72.26,81.04,75.12
2017-10-01,76.98,73.93,83.6,85.52
2017-10-02,73.93,79.19,91.46,83.67
2017-10-03,78.95,73.39,118.89,89.62
2017-10-04,76.35,67.07,102.34,83.42
2017-10-05,80.5,80.7,94.93,89.96
2017-10-06,64.65,70.81,115.55,77.67
2017-10-07,83.17,74.71,98.13,88.32
2017-10-08,71.98,77.23,92.61,83.91
2017-10-09,90.75,76,117.65,97.87
2017-10-10,63.11,80.47,113.98,81.2
2017-10-11,87.36,77.4,113.75,95.33
2017-10-12,71.98,70.69,100.49,81.44
2017-10-13,63.49,85.89,111.58,83.81
2017-10-14,65.16,75.97,87.17,77.8
2017-10-15,66.8,74.26,102.93,80.11
2017-10-16,74.24,79.82,119.35,93.8
2017-10-17,75.23,76.25,91.64,85.43
2017-10-18,64.26,77,111.77,81.82
2017-10-19,69.76,87.46,99.62,87.68
2017-10-20,91.42,73.62,81.59,91.93
2017-10-21,87.28,73.41,110.52,95.37
2017-10-22,74.36,75.58,86.74,82.94
2017-10-23,70.38,80.36,105.26,87.01
2017-10-24,71.2,67.47,83.43,77.38
2017-10-25,76.14,65.17,117.87,81.62
2017-10-26,59.77,72.06,91.67,74.58
2017-10-27,67.43,66.83,89.06,73.89
2017-10-28,53.31,72.88,85.17,70.73
2017-10-29,73.99,77.51,117.84,84.79
2017-10-30,76.47,70.55,108.48,84.31
2017-10-31,65.17,67.87,109.67,74.35
2017-11-01,85.74,75.35,99.98,97.23
2017-11-02,57.74,79.31,98.99,72.96
2017-11-03,55.36,66.53,84.4,68.29
2017-11-04,72.24,79.1,102.39,87.51
2017-11-05,80.47,79.09,89.88,90.98
2017-11-06,86.84,79.77,119.09,97.62
2017-11-07,65.41,81.09,111.86,82.23
2017-11-08,80.79,86.01,96.52,95.23
2017-11-09,69.61,73.22,86.05,81.49
2017-11-10,68.27,75.55,111.41,82.75
2017-11-11,78.84,72.92,84.88,85.44
2017-11-12,76.52,75.01,87.57,84.07
2017-11-13,54.24,82.66,88.46,72.63
2017-11-14,84.77,68.27,102.28,90.87
2017-11-15,83.8,70.69,111.48,92.33
2017-11-16,63.74,81.89,92.57,78.49
2017-11-17,73.96,80.1,83.39,84.45
2017-11-18,74.94,73.18,98.58,83.81
2017-11-19,72.61,79.27,109.92,86.2
2017-11-20,64.5,76.71,88.87,78.4
2017-11-21,63.28,82.5,88.8,81.74
2017-11-22,69.74,75.37,117.89,82.29
2017-11-23,81.73,80.13,118.17,91.21
2017-11-24,75.44,88.21,119.62,94.98
2017-11-25,66.29,77.99,112.31,81.28
2017-11-26,77.72,75.25,87.53,82.96
2017-11-27,41.51,78.61,88.48,64.23
2017-11-28,81.49,73.17,93.61,86.86
2017-11-29,52.6,86.94,92.73,78.72
2017-11-30,66.38,75.9,118.26,83.86
2017-12-01,58.8,73.64,111.56,78.19
2017-12-02,57.05,70.82,108.96,75.09
2017-12-03,81.61,80.49,87.44,91.8
2017-12-04,65.32,79.34,116.38,81.19
2017-12-05,73.47,72.51,113.11,84
2017-12-06,69.53,77.88,86.55,79.55
2017-12-07,74.77,67.46,114.85,82.91
2017-12-08,70.77,75.92,90.89,83.29
2017-12-09,57.17,77.26,83.23,73.8
2017-12-10,79.96,83.54,106.27,94.64
2017-12-11,65.06,71.15,106.15,75.83
2017-12-12,54.43,68.61,83.8,69.48
2017-12-13,65.72,70.52,92.75,74.42
2017-12-14,85.01,68.32,119.71,90.49
2017-12-15,78.5,81.68,107.14,91.97
2017-12-16,66.51,82.74,109.2,83.49
2017-12-17,66.51,76.6,88.52,80.5
2017-12-18,66.78,81.11,83.15,78.91
2017-12-19,90.77,75.67,91.08,90.51
2017-12-20,73.82,74.52,89.96,84.21
2017-12-21,74.3,73.33,89.38,86.34
2017-12-22,80.3,73.45,87.71,84.34
2017-12-23,72.39,67.26,102.99,83.08
2017-12-24,67.41,76.32,93.12,80.37
2017-12-25,68.04,74.8,112.81,79.35
2017-12-26,69.28,78.73,87.36,79.53
2017-12-27,69.63,75.47,98.59,81.86
2017-12-28,77.28,74.19,80.55,83.29
2017-12-29,70.52,70.64,99.27,77.87
2017-12-30,77.33,75.36,82.23,81.38
2017-12-31,69.19,78.69,119.11,83.21
2018-01-01,70.79,69.28,111.62,81.74
2018-01-02,50.02,75.44,99.6,70.14
2018-01-03,79.16,76.17,83.46,85.31
2018-01-04,73.46,71.41,103.7,83.41
2018-01-05,79.98,72.06,110.35,89.93
2018-01-06,41.04,76.15,87.63,64.64
2018-01-07,90.88,69.33,102.73,92.29
2018-01-08,68.6,76.75,112.57,84.97
2018-01-09,81.08,70.52,110.73,86.01
2018-01-10,59.6,80.31,112.12,78.65
2018-01-11,76.13,86.69,115.17,91.47
2018-01-12,59.47,70.7,117.51,73.24
2018-01-13,63.76,77.67,96.22,78.11
2018-01-14,89.14,71.37,102.75,88.16
2018-01-15,68.09,80.2,111.63,87.92
2018-01-16,72.17,68.67,107.89,79.68
2018-01-17,78.7,77.4,119.82,93.33
2018-01-18,74.96,70.64,80.55,81.36
2018-01-19,71.5,73.97,94.21,83.04
2018-01-20,73.65,69.84,91.24,80.27
2018-01-21,94.03,79.11,90.49,97.53
2018-01-22,69.42,70.82,88.9,80.17
2018-01-23,72.01,77.76,108.36,86.48
2018-01-24,80.51,73.28,83.39,87.51
2018-01-25,81.06,74.43,109.66,88.64
2018-01-26,81.87,75.74,107.74,89.23
2018-01-27,76.39,71.19,90.03,80.12
2018-01-28,58.57,76.05,90.11,75.62
2018-01-29,86.33,82.65,105.15,97.54
2018-01-30,58.54,71.11,110.49,77.85
2018-01-31,73.03,80.86,115.06,88.28
2018-02-01,62.46,82.49,114.09,80.35
2018-02-02,69.36,70.92,118.6,78.45
2018-02-03,73.29,67.72,103.26,83.47
2018-02-04,73.21,76.51,116.35,82.57
2018-02-05,74.22,72.26,112.34,83.99
2018-02-06,86.14,84.34,115.79,96.55
2018-02-07,74.54,75.17,80.47,82.7
2018-02-08,67.56,70.99,118.64,80.87
2018-02-09,79.64,69.26,98.94,85.66
2018-02-10,81.89,80.45,111.93,87.68
2018-02-11,57.72,72.14,85.09,72.03
2018-02-12,75.97,75.22,95.84,80.79
2018-02-13,77.01,79.78,90.86,88.67
2018-02-14,67.02,72.58,91.67,77.3
2018-02-15,83.76,74.77,84.93,84.34
2018-02-16,68.5,74.92,112.23,80.66
2018-02-17,71.26,78.42,80.37,81.02
2018-02-18,68.27,77.95,92.5,83.77
2018-02-19,70.16,73.9,86.98,80.75
2018-02-20,59.04,75.32,103.56,76.6
2018-02-21,55.6,73.14,90.17,74
2018-02-22,85.95,67.61,90.36,87.46
2018-02-23,61.53,76.29,99.53,78.9
2018-02-24,60.09,84.46,106.11,81.82
2018-02-25,48.47,70.58,84.85,63.23
2018-02-26,63.61,71.13,87.02,78.27
2018-02-27,56.77,70.65,89.89,68.47
2018-02-28,86.42,78.62,118.95,97.03
2018-03-01,80.1,77.24,95.89,85.51
2018-03-02,63.12,74.21,103.96,79.15
2018-03-03,92.52,70.41,89.66,96.37
2018-03-04,79.82,75.46,99.62,87.61
2018-03-05,66.75,67.18,82.96,74.71
2018-03-06,45.01,75.72,81.39,66.65
2018-03-07,92.91,79.36,98.75,96.71
2018-03-08,56.1,68.74,95.95,74.39
2018-03-09,53.55,67.34,85.48,68
2018-03-10,80.23,82.9,107.5,91.41
2018-03-11,94.4,71.94,119.72,96.31
2018-03-12,83.84,80.68,95.83,90.29
2018-03-13,75.64,74.23,104.98,84.32
2018-03-14,75.95,74.19,118.52,86.4
2018-03-15,78.53,77.19,113.26,88.34
2018-03-16,77.59,70.58,98.54,83.32
2018-03-17,72.81,75.66,109.5,89.1
2018-03-18,71.04,73.09,85.13,78.31
2018-03-19,69.37,68.4,100.48,79.32
2018-03-20,62.46,76.69,91.16,78.45
2018-03-21,67.19,73.68,86.45,79.69
2018-03-22,53.07,74.21,97.05,71.11
2018-03-23,69.02,68.95,85.24,77.03
2018-03-24,60.11,82.96,107.96,80.95
2018-03-25,58.96,79.38,98.25,77.49
2018-03-26,71.8,79.82,101.25,84.62
2018-03-27,83.92,73.47,85.86,85.2
2018-03-28,79.18,66.35,85.59,81.67
2018-03-29,54.29,84.76,103.34,74.52
2018-03-30,60.1,74.69,119.4,76.54
2018-03-31,79.41,71.26,83.85,84.6
2018-04-01,60.18,77.08,91.43,76.8
2018-04-02,67.75,80.84,114.78,88.02
2018-04-03,75.5,74.88,82.89,82.47
2018-04-04,60.32,81.39,115.04,81.8
2018-04-05,71.05,80.41,100.97,85.5
2018-04-06,56.66,69.62,96.33,74.07
2018-04-07,63.99,71.63,92.39,77.44
2018-04-08,73.2,79.79,91.88,83.01
2018-04-09,54.07,61.44,92.23,62.79
2018-04-10,74.4,74.25,115.39,86.5
2018-04-11,69.8,67.85,108.95,78.86
2018-04-12,75.52,72.62,106.79,83.08
2018-04-13,72.24,73.51,111.95,81.41
2018-04-14,83.64,73.21,90.28,88.82
2018-04-15,71.25,72.24,104.72,85.13
2018-04-16,65.71,69.51,98.4,76.25
2018-04-17,71.22,86.46,111.3,89.63
2018-04-18,75.43,84.34,92.37,88.03
2018-04-19,70.49,69.19,105.73,77.96
2018-04-20,70.41,82.91,115.29,88.41
2018-04-21,62.98,73,96.09,74.41
2018-04-22,63.37,75.65,82.66,76.59
2018-04-23,55.97,74.68,100.64,72.83
2018-04-24,87.5,71.7,93.84,92.35
2018-04-25,57.56,79.92,106.89,75.08
2018-04-26,63.07,75.63,118.04,80.68
2018-04-27,62.82,72.62,99.42,75
2018-04-28,78.95,68.48,98.65,83.6
2018-04-29,67.05,70.53,106.18,71.79
2018-04-30,82.48,66.79,84.14,88.8
2018-05-01,63.27,75.06,90.14,78.1
2018-05-02,72.79,69.02,116.76,81.42
2018-05-03,61.65,73.67,106.8,74.89
2018-05-04,91.45,81.85,80.54,94.67
2018-05-05,58.12,81,88.19,77.52
2018-05-06,73.1,74.84,107.31,80.74
2018-05-07,76.34,74.56,110.58,86.4
2018-05-08,74.14,84.4,113.59,93.14
2018-05-09,68.15,77.6,91.69,78.83
2018-05-10,68.7,73.36,117.24,82.45
2018-05-11,70.44,67.87,102.12,84.03
2018-05-12,68.53,76.97,107.86,83.96
2018-05-13,79.64,79.15,103.87,90.08
2018-05-14,92.11,71.84,84.91,93.51
2018-05-15,64.43,76.46,118.52,80.29
2018-05-16,56.3,73.18,84.92,74.14
2018-05-17,69.12,74.08,90.2,79.33
2018-05-18,95.8,62.56,112.55,89.84
2018-05-19,61.96,73.89,104.74,76.42
2018-05-20,86.39,79.85,113.53,93.19
2018-05-21,86.78,71.84,100.63,90.3
2018-05-22,64.46,75.26,95.08,77.77
2018-05-23,75.69,71.22,116.87,87.98
2018-05-24,86.28,76.8,81.45,92.02
2018-05-25,66.21,73.92,114.25,81.25
2018-05-26,67.96,70.3,89.23,77.81
2018-05-27,64.18,81.66,113.95,80.45
2018-05-28,59.85,79.64,85.57,71.96
2018-05-29,63.51,71.98,103.21,77.45
2018-05-30,57.76,77.49,115.52,78.79
2018-05-31,70.34,77.69,98.94,82.96
2018-06-01,62.3,78.21,109.86,78.58
2018-06-02,72.34,66.53,112.19,82.16
2018-06-03,54.44,80.03,109.46,75.46
2018-06-04,73.31,72.15,117.01,87.92
2018-06-05,78.34,73.21,97.87,88.54
2018-06-06,50.06,88.19,86.93,75.92
2018-06-07,73.74,76.51,81.91,84.55
2018-06-08,82.28,73.07,89.86,85
2018-06-09,57.9,63.97,85.73,70.23
2018-06-10,86.73,81.95,102.32,95.8
2018-06-11,74.19,68.27,87.4,81.77
2018-06-12,62.95,69.98,81.56,74.9
2018-06-13,69.44,73.34,81.44,80.05
2018-06-14,75.58,82.08,113.26,94.91
2018-06-15,70.76,78.87,103.66,84.22
2018-06-16,75.39,74.21,94.32,86.22
2018-06-17,60.79,76.54,115.77,77.73
2018-06-18,71.69,72,82.81,81.68
2018-06-19,55.86,75.7,119.21,77.6
2018-06-20,68.89,75.37,104.65,82.68
2018-06-21,60.96,79.84,87.34,80.58
2018-06-22,62.64,79.84,107.16,78.47
2018-06-23,82.36,77.47,110.54,90.48
2018-06-24,80.91,73.19,97.17,87.96
2018-06-25,76.09,78.71,114.47,90.35
2018-06-26,59.08,74.54,86.03,74.23
2018-06-27,66.84,69.59,91.15,79.63
2018-06-28,82.13,72.98,83.74,85.52
2018-06-29,71.42,75.42,88.44,79.58
2018-06-30,93.19,79.55,89.55,97.31
2018-07-01,73.93,74.08,116.71,85.51
2018-07-02,71.92,68.95,83.12,80.13
2018-07-03,66.91,75.28,97.1,79.91
2018-07-04,71.34,75.57,101.3,82.48
2018-07-05,68.48,75.93,115.95,82.91
2018-07-06,77.08,79.6,119.91,90.14
2018-07-07,79.57,80.09,110.14,90.18
2018-07-08,62.14,72.03,118.83,77.57
2018-07-09,56.69,71.92,111.48,73.12
2018-07-10,51.64,69.8,118.53,72.47
2018-07-11,75.08,78.49,108.29,87.66
2018-07-12,58.97,82.24,83.19,81.11
2018-07-13,48.47,73.42,96.08,68.38
2018-07-14,73.89,73.79,105.86,83.33
2018-07-15,94.93,82.33,94.03,104.63
2018-07-16,69.94,77.53,90.94,82.9
2018-07-17,78.38,77.18,103.1,90.19
2018-07-18,70.82,69.05,117.34,83.03
2018-07-19,69.01,78.39,81.4,82.15
2018-07-20,79.19,70.35,110.77,87.8
2018-07-21,67.1,69.33,108.91,76.68
2018-07-22,72.67,73.27,118.56,85.5
2018-07-23,73.22,72.07,117.23,81.83
2018-07-24,63.32,73.89,110.49,78.25
2018-07-25,79.92,67.8,100.82,83.7
2018-07-26,68.25,79.79,88.17,82.4
2018-07-27,62.44,80.64,101.81,80.57
2018-07-28,75.37,65.26,110.61,83.35
2018-07-29,61.02,79.89,115.83,80.73
2018-07-30,70.28,70.95,111.59,80.49
2018-07-31,69.91,79.28,87.81,81.92
2018-08-01,80.86,74.66,103.99,90.62
2018-08-02,74.75,75.14,93.29,86.37
2018-08-03,69.75,74.07,80.37,77.22
2018-08-04,78.18,81.06,88.01,85.07
2018-08-05,83.9,68.8,84.53,84.86
2018-08-06,75.58,78.04,113.71,90.03
2018-08-07,70.1,80.51,90.34,85.73
2018-08-08,56.88,78.58,91.39,72.85
2018-08-09,59.35,86.62,118.4,82.71
2018-08-10,66.95,72.36,95.16,82.3
2018-08-11,63.9,79.79,80.38,79.12
2018-08-12,68.13,74.47,91.35,82.64
2018-08-13,70.57,81.17,84.77,85.28
2018-08-14,75.3,74.96,84.11,81.75
2018-08-15,69.3,73.06,83.1,78.73
2018-08-16,74.87,81.53,103.73,87.98
2018-08-17,70.64,72.54,87.57,80.37
2018-08-18,50.25,67.94,94.45,68.6
2018-08-19,60.61,72.42,114.48,77.6
2018-08-20,68.56,78.1,96.97,76.2
2018-08-21,57.9,81.96,116.63,76.56
2018-08-22,76,75.56,99.92,81.44
2018-08-23,85.31,81.59,95.95,93.77
2018-08-24,82.19,68.21,110.02,88.08
2018-08-25,67.87,72.78,82.93,78.69
2018-08-26,84.91,73.56,83.58,86.81
2018-08-27,71.49,74.43,106.08,84.62
2018-08-28,66.63,75.42,99.48,81.53
2018-08-29,63.87,78.45,111.62,78.35
2018-08-30,66.98,72.78,116.65,78.03
2018-08-31,66.12,75.7,95.53,79.5
2018-09-01,71.7,74.77,103.86,86.9
2018-09-02,71.61,70.37,100.03,84.52
2018-09-03,70.03,74.43,119.26,84.84
2018-09-04,74.37,74.28,113.24,84.2
2018-09-05,81.91,74.17,116.47,92.23
2018-09-06,79.5,75.16,90.17,85.88
2018-09-07,55.15,75.38,110.9,72.8
2018-09-08,44.46,72.84,90.62,60.59
2018-09-09,79.34,81.36,88.35,89.19
2018-09-10,56.33,69.15,117.77,71.98
2018-09-11,67.75,71.4,80.77,77.48
2018-09-12,58.3,88.9,118.62,77.8
2018-09-13,51.98,69.81,85.97,68.05
2018-09-14,75.41,68.23,112.78,78.95
2018-09-15,77.59,78.67,91.04,89.3
2018-09-16,64.23,64.61,94.03,74.83
2018-09-17,44.09,73.82,88.67,64.29
2018-09-18,64.54,85.73,103.42,84.48
2018-09-19,73.92,67.28,93.92,78.7
2018-09-20,55.21,65.09,106.3,69.94
2018-09-21,71.83,67.5,80.63,79.75
2018-09-22,69.85,79.49,82.57,75.77
2018-09-23,75.79,80.62,83.99,85.23
2018-09-24,71.2,72.44,96.76,81.33
2018-09-25,60.27,78.42,112.59,78.4
2018-09-26,81.97,81.95,115.53,96.43
2018-09-27,68.41,83.94,89.79,81.35
2018-09-28,69.73,73.77,102.97,80.4
2018-09-29,60.67,63.49,110.73,69.04
2018-09-30,65.57,70.9,91.55,79.88
2018-10-01,61.15,72.87,96.36,74.98
2018-10-02,68.27,73.71,100.96,79.67
2018-10-03,87.12,74.06,85.39,90.33
2018-10-04,56.28,80.59,81.04,75.38
2018-10-05,53.86,81.37,86.11,74.17
2018-10-06,84.71,74.14,105.07,96.28
2018-10-07,67.91,80.49,82.94,82.14
2018-10-08,63.31,76.79,87.59,76.53
2018-10-09,80.4,75.32,93.51,86.6
2018-10-10,63.94,79.53,83.11,77.7
2018-10-11,88.26,75.36,87.67,88.86
2018-10-12,76.78,85.29,116.45,91.91
2018-10-13,65.12,67.81,80.77,75.84
2018-10-14,91.57,72.42,106.14,93.3
2018-10-15,63.94,74.37,95.38,76.04
2018-10-16,77.42,77.2,106.91,91.05
2018-10-17,72.99,81.34,103.55,83.83
2018-10-18,83.02,74.88,88.94,84.52
2018-10-19,85.62,67.89,113.89,87.61
2018-10-20,70.32,79.21,99.68,80.76
2018-10-21,62.47,78.77,112.9,81.05
2018-10-22,74.6,65.29,96.24,79.78
2018-10-23,63.22,74.98,119.39,79.42
2018-10-24,90.13,67.05,110.82,94.29
2018-10-25,71.37,71.68,118.64,81.98
2018-10-26,66.35,70.49,100.57,79.61
2018-10-27,71.85,79.05,98.95,87.65
2018-10-28,56.53,75.58,110.22,74.26
2018-10-29,60.28,68.57,115.21,76.59
2018-10-30,82,79.4,118.57,92.33
2018-10-31,63.43,67.83,92.98,76.34
2018-11-01,59.53,76.65,111.95,74.43
2018-11-02,75.37,70.93,88.43,79.15
2018-11-03,81.86,73.17,101.82,87.78
2018-11-04,77.19,77.52,87.19,84.26
2018-11-05,79.96,77.61,93.9,87.38
2018-11-06,62.43,81.68,117.25,81.42
2018-11-07,55.78,74.59,85.84,73.33
2018-11-08,85.01,76.53,105.3,91.33
2018-11-09,66.77,72.81,103.72,77.91
2018-11-10,67.49,75.91,84.83,78.64
2018-11-11,83.28,77.2,93.04,88.61
2018-11-12,75.56,74.51,102.52,83.52
2018-11-13,74.56,65.98,87.49,76.65
2018-11-14,91.65,76.66,112.02,96.99
2018-11-15,63.56,76.82,118.89,79.62
2018-11-16,79.28,71.6,88.59,87
2018-11-17,70.57,68.58,87.48,75.63
2018-11-18,72.69,82.38,98.2,85.3
2018-11-19,85.28,77.46,109.91,96.77
2018-11-20,75.08,73.85,91.26,81.83
2018-11-21,75.38,69.31,80.8,80.56
2018-11-22,80.73,70.89,101.65,84.53
2018-11-23,66.35,81.51,118.26,81.54
2018-11-24,61.61,75.69,95.65,79.9
2018-11-25,59.55,72.25,96.81,74.65
2018-11-26,50.34,77.55,118.76,73.37
2018-11-27,90.56,70.93,107.78,90.09
2018-11-28,58.97,82.5,108.77,79.98
2018-11-29,67.79,81.76,102.51,85.94
2018-11-30,67.23,72.67,118.98,83.6
2018-12-01,73.07,71.86,107.55,84.68
2018-12-02,78.16,61.91,115.8,80.98
2018-12-03,78.6,67.59,107.98,85.62
2018-12-04,64.17,68.3,109.4,78.1
2018-12-05,68.33,75.68,91.62,76.84
2018-12-06,72.83,73.37,92.14,80.02
2018-12-07,67.51,68.27,111.32,80.72
2018-12-08,86.07,73.59,91.87,92.02
2018-12-09,74.91,77.53,102.51,83.11
2018-12-10,77.35,77.64,89.97,88.05
2018-12-11,76.63,65.5,112.68,83.64
2018-12-12,81.73,74.36,84.42,88.79
2018-12-13,71.81,68.08,113.18,80.37
2018-12-14,57.03,79.51,104.11,77.72
2018-12-15,74,78.92,87.48,86.4
2018-12-16,63.49,70.51,101.68,75.76
2018-12-17,64.71,71.17,91.3,76.46
2018-12-18,75.86,72.69,92.94,82.59
2018-12-19,82.38,63.74,94.06,87.63
2018-12-20,70.21,76.68,82.53,80.81
2018-12-21,73.09,73.64,119.44,83.41
2018-12-22,87.02,79.85,81.26,90.85
2018-12-23,72.41,69.51,106.5,82.15
2018-12-24,96.02,71.9,94.85,97.36
2018-12-25,75.66,67.47,105.84,80.3
2018-12-26,52.39,69.98,94.25,72.55
2018-12-27,77.53,69.09,106.95,85.47
2018-12-28,73.81,79.98,109.17,88.13
2018-12-29,82.9,71.51,107.62,88.91
2018-12-30,76.73,75.62,84.56,84.78
2018-12-31,68.62,73.1,106.28,80.74
2019-01-01,57.76,68.65,91.2,73.27
2019-01-02,67.91,74.16,81.15,78.51
2019-01-03,61.49,78,96.59,79.29
2019-01-04,64.19,68.96,97.34,74.96
2019-01-05,75.89,79.05,98.69,87.41
2019-01-06,86.7,70.75,108.19,89.53
2019-01-07,73.95,72.59,92.35,85.07
2019-01-08,58.04,77.65,92.61,73.48
2019-01-09,74.45,71.68,82.42,80.93
2019-01-10,81.97,75.19,107.47,89.38
2019-01-11,63.9,73.43,102.71,77.28
2019-01-12,68.66,75.65,93.98,82.3
2019-01-13,70.15,63.1,108.21,77.52
2019-01-14,62.15,65.85,101.49,76.57
2019-01-15,76.48,78.08,98.77,85.36
2019-01-16,68.79,80.19,100.45,83.73
2019-01-17,74.2,70.45,105.45,81.69
2019-01-18,61.13,73.78,106.4,77.67
2019-01-19,65.63,76.47,91.56,79.09
2019-01-20,77.22,78.47,85.63,85.97
2019-01-21,66.27,64.86,86.27,76.71
2019-01-22,87.27,70.57,105.58,89.84
2019-01-23,66,73.34,114.91,81.6
2019-01-24,72.25,78.52,96.38,82.86
2019-01-25,79.33,87.49,86.78,91.5
2019-01-26,55.82,73.86,110.26,71.67
2019-01-27,52.39,67.97,113.3,68.63
2019-01-28,54.74,77.01,115.22,75.01
2019-01-29,82.63,81.6,104.27,96.27
2019-01-30,64.48,75.54,114.43,80.55
2019-01-31,95.58,70.47,80.62,96.91
2019-02-01,64.36,79.79,84.29,79.4
2019-02-02,71.85,78.32,83.7,82.03
2019-02-03,85.42,69.87,108.5,93.13
2019-02-04,90.06,76.91,82.78,93.95
2019-02-05,90.62,79.99,99.85,95.07
2019-02-06,82.08,80.91,98.91,92.44
2019-02-07,80.24,74.67,92.43,86.67
2019-02-08,75.93,73.21,114.82,82.35
2019-02-09,77.78,81.14,86.82,89.68
2019-02-10,64.49,68.95,94.1,77.87
2019-02-11,61.82,77.19,110.97,82.74
2019-02-12,69.97,68.15,81.22,78.21
2019-02-13,68.3,80.33,106.92,83.31
2019-02-14,65.47,73.71,112.66,81.7
2019-02-15,76.96,81.34,117.29,92.14
2019-02-16,79.55,77.46,115.05,93.5
2019-02-17,70.88,68.88,92.78,79.27
2019-02-18,84.78,82.12,103.45,93.73
2019-02-19,58.58,82.76,83.09,75.13
2019-02-20,68.06,79.41,90.31,82.71
2019-02-21,62.83,71.19,83.77,71.45
2019-02-22,51.33,73.47,92.61,71
2019-02-23,69.17,75.73,115.01,84.47
2019-02-24,68.78,71.48,93.89,80.42
2019-02-25,85.13,83.46,102.48,94.99
2019-02-26,76.31,75.72,97.34,88.87
2019-02-27,59.76,61.48,98.36,72.03
2019-02-28,88.54,76.7,118.78,94.47
2019-03-01,82.21,73.26,91.85,86.64
2019-03-02,75.82,74.63,105.09,84.09
2019-03-03,67.74,73.16,96.8,80.69
2019-03-04,60.41,79.04,82.45,74.11
2019-03-05,66.28,80.6,99.57,84.13
2019-03-06,80.89,76.42,112.53,93
2019-03-07,88.85,73.3,83.95,89.27
2019-03-08,85.43,74.79,82.78,89.08
2019-03-09,65.11,75.1,86.15,77.75
2019-03-10,58.8,70.99,110.58,76.5
2019-03-11,71.41,77.89,108.96,88.12
2019-03-12,52.32,77.3,102.6,69.2
2019-03-13,73.23,82.7,98.73,86.25
2019-03-14,68.52,81.28,115.53,84.64
2019-03-15,65.34,71.57,110.67,76.1
2019-03-16,54.05,79.1,112.48,74.35
2019-03-17,75.14,70.25,112.53,85.29
2019-03-18,64.67,78.48,105.71,80.21
2019-03-19,58.3,72.42,98.32,70.69
2019-03-20,41.28,69.88,114.59,69.93
2019-03-21,69.72,76.4,117.04,84.63
2019-03-22,87.72,61.63,80.95,85.6
2019-03-23,86.61,66.25,82.06,84.48
2019-03-24,65.43,74.11,118.35,81.26
2019-03-25,63.98,75.41,91.09,77.33
2019-03-26,74.69,73.15,114.93,81.79
2019-03-27,60.02,67.1,95.55,70.27
2019-03-28,73.02,70.91,84.76,82.24
2019-03-29,77.66,76.96,83.22,89.59
2019-03-30,82.27,77.91,86.26,89.89
2019-03-31,69,74.92,90,82.57
2019-04-01,67.96,80.78,99.54,82.73
2019-04-02,61.22,76.99,108.06,78.16
2019-04-03,61.73,71.26,119.46,79.67
2019-04-04,67.74,73.6,97.66,83.18
2019-04-05,73.67,67.99,100.73,84.07
2019-04-06,79.14,74.46,100.87,85.22
2019-04-07,61.97,80.56,101.58,79.43
2019-04-08,84.93,78.43,100.71,92.96
2019-04-09,67.29,82.01,80.35,80.69
2019-04-10,69.79,73.49,80.07,80.05
2019-04-11,62.53,81.73,83.91,80.24
2019-04-12,45.76,74.03,84.06,67.48
2019-04-13,78.84,82.36,108.2,94.44
2019-04-14,77.37,74.89,88.2,84.54
2019-04-15,67.19,78.54,115.79,80.58
2019-04-16,70.67,82.38,117.14,87.78
2019-04-17,75.16,74.03,119.04,90.38
2019-04-18,54.37,76.09,117.56,73.86
2019-04-19,64.71,81.44,90.88,81.86
2019-04-20,77.94,74.33,100.39,87.93
2019-04-21,57.46,68.4,87.02,70.92
2019-04-22,72.94,85.72,112.25,89.29
2019-04-23,56.43,72.65,115.54,72.63
2019-04-24,74.66,75.79,114.05,81.95
2019-04-25,69.64,80.78,97.33,81.61
2019-04-26,53.85,71.96,110.35,71.35
2019-04-27,81.65,69.96,83.9,87.56
2019-04-28,62.65,76.27,81.61,76.05
2019-04-29,61.9,66.03,110.13,73.53
2019-04-30,72.01,73.56,97.01,80.55
2019-05-01,81.49,76.23,119.82,92.68
2019-05-02,59.84,73.65,83.89,76.47
2019-05-03,70.62,67.28,114.23,82.83
2019-05-04,74.29,82.97,99.2,88.89
2019-05-05,76.93,75.52,113.09,84.72
2019-05-06,71.76,82.16,112.69,86.49
2019-05-07,66.33,73.7,116.64,84.84
2019-05-08,61.72,70.6,91.91,76.71
2019-05-09,70.86,76.35,117.99,81.78
2019-05-10,59.28,73.92,86.07,73.63
2019-05-11,40.79,69.11,83.28,61.17
2019-05-12,74.37,82.35,97.26,85.76
2019-05-13,79.04,71.89,113.13,82.87
2019-05-14,46.37,65.8,98.94,64.23
2019-05-15,59.9,81.64,113.17,78.34
2019-05-16,76.19,72.48,109.19,84.06
2019-05-17,90.57,71.96,88.38,91.25
2019-05-18,70.21,66.17,117.96,80.12
2019-05-19,62.72,83.7,82.43,79.34
2019-05-20,68.17,68.55,115.93,78.15
2019-05-21,83.75,75.29,92.18,89.14
2019-05-22,63.54,79.56,100.01,76.43
2019-05-23,62.01,77.11,96.89,78.36
2019-05-24,65.17,74.7,86.87,71.96
2019-05-25,60.47,66.49,94.33,71.73
2019-05-26,71.23,70.95,87.72,81.73
2019-05-27,86.25,75.94,88.16,88.82
2019-05-28,73.23,71.06,87.48,82.54
2019-05-29,67.48,76.02,99.56,83.16
2019-05-30,67.08,78.41,111.92,76.19
2019-05-31,54.37,79.81,102.76,74.52
2019-06-01,78.83,68.87,115.73,80.67
2019-06-02,69.22,85.98,105.46,86.23
2019-06-03,68.2,78.84,107.57,83.2
2019-06-04,101.93,74.99,106.7,96.86
2019-06-05,72.99,80.45,97.98,89.62
2019-06-06,62.48,86.83,107.57,83.55
2019-06-07,65.74,67.81,82.79,73.15
2019-06-08,81.48,73.87,114.39,92.81
2019-06-09,71.13,63.11,111.11,75.44
2019-06-10,55.62,75.96,89.81,70.28
2019-06-11,79.19,76.83,110.72,84.72
2019-06-12,63.32,74.8,80.51,79.57
2019-06-13,88.73,71.73,88.69,91.46
2019-06-14,80.8,64.75,82.61,83.96
2019-06-15,65.53,76.87,111.21,81.79
2019-06-16,82.81,82.28,110.23,94.77
2019-06-17,70.68,72.04,112.55,82.64
2019-06-18,78.53,77.2,80.18,86.56
2019-06-19,74.85,67.16,100.05,81.99
2019-06-20,61.54,77.29,108.19,77.44
2019-06-21,63.56,73.03,86.22,75.88
2019-06-22,80.3,71.19,105.99,87.8
2019-06-23,66.65,71.2,83.36,77.03
2019-06-24,65.96,73.03,87.25,74.56
2019-06-25,60.45,76.91,99.03,74.25
2019-06-26,74.24,68.44,106.14,84.7
2019-06-27,90.63,73.01,85.83,91.55
2019-06-28,59.32,74.79,87.41,75.42
2019-06-29,70.24,69.5,88.18,76.58
2019-06-30,84.12,83.98,89.55,90.07
2019-07-01,69.2,70.73,89.06,77.03
2019-07-02,74.52,71.65,95.81,82.51
2019-07-03,59.38,70.11,106.15,72.96
2019-07-04,74.28,83.99,97.52,90.5
2019-07-05,68.13,77.76,111.04,83.45
2019-07-06,79.86,70.32,108.77,90.62
2019-07-07,81.87,80.53,85.06,90.65
2019-07-08,95.9,76,81.95,91.31
2019-07-09,75.8,76.29,115.12,89.62
2019-07-10,73.26,73.28,83.19,78.57
2019-07-11,71.94,71.25,85.93,80.72
2019-07-12,66.47,76.69,80.89,77.1
2019-07-13,73.38,72.27,105.13,87.73
2019-07-14,67.05,84.08,103.29,87.07
2019-07-15,71.68,68.65,119.48,80.93
2019-07-16,83.18,82.68,115.48,94.27
2019-07-17,59.93,74.44,96.43,75.87
2019-07-18,81.4,76.5,94.86,90.65
2019-07-19,83.17,79.17,91.87,90.82
2019-07-20,68.82,71.85,86.1,76.59
2019-07-21,48.78,79.32,85.52,68.11
2019-07-22,63.92,61.46,85.29,71.46
2019-07-23,82.97,71.4,84.56,89.27
2019-07-24,69.77,70.38,89.62,79.83
2019-07-25,60.01,68.73,92.27,71.18
2019-07-26,64.95,73.93,118.46,81.68
2019-07-27,78.41,76.93,103.14,87.36
2019-07-28,75.47,78.51,119.5,90.42
2019-07-29,67.61,76.2,94.9,85.59
2019-07-30,66.33,71.67,98.31,77.58
2019-07-31,66.08,76.85,92.98,81.29
2019-08-01,60.78,75.62,87.32,73.96
2019-08-02,86.15,79.68,85.73,91.91
2019-08-03,66.78,78.88,117.8,83.46
2019-08-04,82.17,75.15,119.47,90.92
2019-08-05,85.21,70.51,81.8,92.44
2019-08-06,79.98,71.74,86.01,84.67
2019-08-07,65.68,72.25,96.94,79.18
2019-08-08,74.04,73.42,87.45,78.68
2019-08-09,69.76,76.34,94.56,82.71
2019-08-10,60.96,78.58,85.16,78.81
2019-08-11,73.24,74.74,98.26,82.61
2019-08-12,58.21,75.08,90.87,69.02
2019-08-13,81.88,75.72,94.08,88.75
2019-08-14,65.35,72.42,83.77,76.59
2019-08-15,72.01,70.37,97.13,82.52
2019-08-16,72.83,66.22,119.33,86.14
2019-08-17,67.41,71.52,93.15,77.61
2019-08-18,75.87,77.37,115.06,86.26
2019-08-19,65.25,71.49,113.73,76.79
2019-08-20,78.71,73.81,118.08,88.95
2019-08-21,56.54,77.33,111.6,76.97
2019-08-22,71.26,77.6,106.38,83.34
2019-08-23,89.39,69.6,114.26,94.46
2019-08-24,60,79.99,83.03,77.23
2019-08-25,63.22,80.64,98.51,80.13
2019-08-26,75.14,69.35,119.57,82.98
2019-08-27,71.8,70.88,110.78,81.55
2019-08-28,73.51,80.96,118.48,83.48
2019-08-29,74.89,74.27,111.19,86.23
2019-08-30,76.35,63.9,115,82.92
2019-08-31,81.1,68,108.26,87.06
2019-09-01,74.1,73.75,110.42,86.01
2019-09-02,67.59,69.18,100.93,79.09
2019-09-03,76.73,72.93,116.97,86.69
2019-09-04,89,75.16,113,94.86
2019-09-05,68.67,82.31,113.76,82.69
2019-09-06,60.25,73.55,106.92,75.09
2019-09-07,81.07,80.36,92.18,90.1
2019-09-08,68.8,82.14,81.43,80.81
2019-09-09,48.27,82.17,117.43,75.29
2019-09-10,78.47,76.42,103.44,86.68
2019-09-11,64.65,65.18,91.93,74.49
2019-09-12,69.09,77.3,85.97,81.2
2019-09-13,73.32,80.24,113.18,88.9
2019-09-14,71.9,74.59,113.46,86.12
2019-09-15,77.09,83.72,112.58,92.39
2019-09-16,65.65,79.3,105.8,77.48
2019-09-17,75.13,77.84,94.64,88.07
2019-09-18,67.4,80.43,92.16,84.88
2019-09-19,77.39,76.67,80.34,84.17
2019-09-20,76.15,62.54,113.34,82.51
2019-09-21,60.65,72.5,83.5,71.96
2019-09-22,80.86,80.99,105.23,87.54
2019-09-23,64.64,70.96,100.16,75.71
2019-09-24,78.08,73.88,101.07,85.43
2019-09-25,73.67,69.78,117.07,83.11
2019-09-26,88.38,83.92,81.26,92.8
2019-09-27,67.77,83.41,110.94,83.65
2019-09-28,66.51,70.58,82.08,76.32
2019-09-29,69.81,75.74,81.53,78.79
2019-09-30,66.97,71.6,97.19,79.63
2019-10-01,78,78.07,82.52,87.64
2019-10-02,53.84,77.55,111.57,79.24
2019-10-03,59.46,79.06,101.18,79.67
2019-10-04,59.32,76.66,81.16,74.86
2019-10-05,79.5,89.68,81.62,90.49
2019-10-06,87.11,69.86,104.51,91.25
2019-10-07,68.96,66.45,112.24,79.83
2019-10-08,68.31,73.03,97.51,78.92
2019-10-09,70.7,67.16,102.18,81.07
2019-10-10,81.62,67.54,111.99,84.39
2019-10-11,60.73,69.99,104.42,74.39
2019-10-12,72.38,70.39,88.99,81.59
2019-10-13,79.75,70.23,104.52,85.82
2019-10-14,75.01,77.59,105.13,86.14
2019-10-15,71.9,72.47,109.36,82.79
2019-10-16,80.01,74.1,104.83,86.46
2019-10-17,42.97,79.47,118.77,71.79
2019-10-18,76.78,71.17,87.89,81.29
2019-10-19,63.46,73.68,118.04,79.99
2019-10-20,51.69,76.83,101.53,72.73
2019-10-21,75.11,65.29,106.88,79.97
2019-10-22,83.74,63.08,83.98,84.02
2019-10-23,68.63,76.73,95.22,79.57
2019-10-24,79.53,77.46,110.78,92.56
2019-10-25,86.12,85.32,108.28,94.35
2019-10-26,83.15,75.79,81.61,87.06
2019-10-27,86.4,79.1,101.86,91.22
2019-10-28,77.42,74.02,83.53,81.7
2019-10-29,70.75,76.49,119.83,88.21
2019-10-30,53.98,83.34,115.89,78.4
2019-10-31,67.54,64.38,80.84,74.64
2019-11-01,61.57,77.07,114.35,77.89
2019-11-02,91.71,85.68,116.78,102.79
2019-11-03,68.24,76.41,94.14,79.27
2019-11-04,71.23,83.25,108.78,88.5
2019-11-05,75.51,71.85,97.68,82.07
2019-11-06,70.44,74.84,106.21,81.53
2019-11-07,86.95,75.17,93.61,93.12
2019-11-08,63.77,63.91,92.9,74.84
2019-11-09,71.95,69.16,96.98,81.73
2019-11-10,62.58,69.52,85.82,71.84
2019-11-11,56.8,79.11,113.25,76.16
2019-11-12,63.88,79.36,93.95,79.78
2019-11-13,69.63,76.62,96.01,80.33
2019-11-14,65.71,79.12,115.76,85.39
2019-11-15,63.08,74.18,99.86,72.7
2019-11-16,55.94,81.01,101.77,74.59
2019-11-17,69.17,75.04,118.26,82.32
2019-11-18,54.95,75.29,115.47,68.95
2019-11-19,77.6,73.67,86.78,81.91
2019-11-20,70.82,78.42,98.93,85
2019-11-21,55.42,72.89,118.85,74.35
2019-11-22,66.91,79.88,94.89,84.73
2019-11-23,62.48,69.34,94.86,77.8
2019-11-24,73.19,69.51,87.8,81.36
2019-11-25,83.4,78.44,84.57,90.5
2019-11-26,51.25,74.56,109.61,71.67
2019-11-27,71.15,72.73,110.8,77.55
2019-11-28,68.4,79.45,118.76,81.91
2019-11-29,76.71,71.96,110.94,86.11
2019-11-30,72.13,74,89.73,83.08
2019-12-01,62.48,82,81.6,79.03
2019-12-02,66.81,82.7,119.42,83.32
2019-12-03,62.04,82.86,93.62,81.6
2019-12-04,80.76,73.59,92.48,90.1
2019-12-05,70.21,81.15,116.24,88.09
2019-12-06,89.01,70.26,103.4,93.83
2019-12-07,69.39,70.47,88.59,77.56
2019-12-08,62.92,63.25,115.56,76.76
2019-12-09,54.86,83.36,119.73,78.52
2019-12-10,51.97,70.68,83.47,68.82
2019-12-11,54.16,74.37,114.49,74.42
2019-12-12,72.67,70.45,95.62,81.1
2019-12-13,75.09,78.48,100.96,84.82
2019-12-14,54.19,73.12,116.59,73.26
2019-12-15,78.95,68.48,118.94,88.63
2019-12-16,65.17,77.21,90.49,78.15
2019-12-17,71.47,67.83,88.51,80.65
2019-12-18,86.12,70.81,83.22,89.79
2019-12-19,78.97,64.47,102.47,82.82
2019-12-20,67.31,67.88,80.54,78.37
2019-12-21,61.09,75.89,96.48,75.95
2019-12-22,48.48,65.18,82.94,66.47
2019-12-23,62.81,67.59,96.21,75.21
2019-12-24,67.89,74.99,81.6,78.86
2019-12-25,60.13,72.28,113.41,74.56
2019-12-26,68.69,84.96,88.39,83.86
2019-12-27,70.77,84.17,93.13,85.04
2019-12-28,67.75,70.66,114.8,77.88
2019-12-29,63.5,77.79,109.85,79.77
2019-12-30,71.69,78.75,88.76,81.78
2019-12-31,74.42,72.01,82.88,82.92
2020-01-01,59.1,67.52,108.63,75.94
2020-01-02,84.11,74.94,95.63,87.55
2020-01-03,69.01,74.14,110.64,85.55
2020-01-04,70.19,72.82,97.81,80.77
2020-01-05,77.08,77.21,93.84,84.57
2020-01-06,72.33,71.25,98.05,83.22
2020-01-07,79.53,69.24,109.94,85.52
2020-01-08,72.87,75.55,116.09,85.39
2020-01-09,63.88,76.93,81.99,76.49
2020-01-10,73.62,69.12,100.96,80.28
2020-01-11,58.56,79.64,81.31,76.57
2020-01-12,71.09,66.15,98.74,78.42
2020-01-13,69.67,72.11,115.41,79.31
2020-01-14,67.92,73.71,94.46,80.78
2020-01-15,68.71,71.82,117.3,79.27
2020-01-16,51.18,72.17,105.22,67.79
2020-01-17,64.51,84.36,117.37,86.57
2020-01-18,70.93,70.75,110.29,79.49
2020-01-19,71.6,87.21,84.14,81.63
2020-01-20,59.72,77.19,89.25,76.88
2020-01-21,82.66,75.46,95.77,88.75
2020-01-22,61.34,77.38,86.8,76
2020-01-23,79.69,87.65,99.8,92.22
2020-01-24,74.27,70.03,98.85,82.92
2020-01-25,63.54,69.4,118.25,76.2
2020-01-26,87.75,71.23,97.35,93.83
2020-01-27,58.06,75.16,111.43,73.09
2020-01-28,79.19,66.37,117.68,86.72
2020-01-29,80.01,75.11,115.08,90.84
2020-01-30,63.29,83.47,88.35,78.68
2020-01-31,83.92,75.76,99.84,88.59
2020-02-01,67.5,73.54,93.91,81.34
2020-02-02,72.89,71.91,95.99,80.12
2020-02-03,72.6,79.49,94.43,83.59
2020-02-04,68.66,70.87,113.05,82.62
2020-02-05,78.11,84.23,98.09,90.44
2020-02-06,77.93,84.67,100.95,87.13
2020-02-07,52.51,76.28,119.3,77.44
2020-02-08,83.04,74.94,82.4,86.98
2020-02-09,53.38,80.15,99.52,73.23
2020-02-10,80.33,80.47,110.96,91.99
2020-02-11,81.27,70.97,86.05,87.01
2020-02-12,59.09,72.37,104.46,78.77
2020-02-13,65.89,68.39,89.58,72.53
2020-02-14,58.94,77.05,114.7,79.31
2020-02-15,67.85,78.33,93.08,82.84
2020-02-16,66.92,68.25,93.16,76.49
2020-02-17,77.8,72.72,103.93,87.74
2020-02-18,83.1,68.26,87.34,87.77
2020-02-19,83.96,70.51,91.4,84.96
2020-02-20,64.38,77.76,96.67,82.9
2020-02-21,67.91,71.33,94.15,75.58
2020-02-22,53.17,73.5,101,69.13
2020-02-23,61.94,66.86,103.99,73.78
2020-02-24,79.65,75.93,102.67,92.28
2020-02-25,86.16,74.78,106.17,91.61
2020-02-26,57.66,71.36,92.31,72.31
2020-02-27,64.08,74.05,85.06,79.44
2020-02-28,69.74,75.9,110.43,82.65
2020-02-29,72.8,70.93,114.03,81.1
2020-03-01,61.9,67.62,90.28,72.38
2020-03-02,74.24,84.03,96.28,90.53
2020-03-03,65.26,71.83,99.94,78.02
2020-03-04,69.86,74.52,101.33,85.72
2020-03-05,75.46,80.05,106.38,89.41
2020-03-06,70.06,92.65,81.66,85.97
2020-03-07,65.64,68.78,108.86,77.88
2020-03-08,68.9,77.25,82.48,78.78
2020-03-09,69.12,71.46,98.73,78.59
2020-03-10,66.3,72.31,113.11,88.97
2020-03-11,67.41,71.4,98.05,80.85
2020-03-12,85.99,69.37,85.96,89.66
2020-03-13,75.61,74.79,119.4,85.98
2020-03-14,67.05,67.63,115.57,81.98
2020-03-15,76.97,79.73,110.85,91.36
2020-03-16,66.66,75.28,96.46,83.52
2020-03-17,81.73,77.11,87.35,92.28
2020-03-18,73.7,72.67,117.66,82.1
2020-03-19,68.93,73.16,101.29,78.53
2020-03-20,74.48,76.44,114.09,84.67
2020-03-21,54.29,69.18,93.68,67.73
2020-03-22,58.73,73.21,93.41,74.51
2020-03-23,58.06,70.7,119.42,73.92
2020-03-24,71.43,70.55,100.87,85.31
2020-03-25,87.33,64.45,85.63,90.55
2020-03-26,92.31,81.7,88.79,96.93
2020-03-27,76.38,71.57,99.28,88.29
2020-03-28,75.01,80.82,81.7,88.48
2020-03-29,51.99,80.34,98.5,72.28
2020-03-30,64.57,68.57,96.76,71.83
2020-03-31,62.12,69.56,111.17,75.78
2020-04-01,63.79,87.8,94.2,81.52
2020-04-02,68.32,83.75,119.3,86.84
2020-04-03,65.28,74.84,87.23,78.01
2020-04-04,50.21,76.29,103.64,71.13
2020-04-05,77.48,71.85,83.59,84.63
2020-04-06,59.27,77.16,109.35,74.94
2020-04-07,72.39,71.41,119.79,84.8
2020-04-08,90.74,64.84,112.77,90.78
2020-04-09,60.81,68.39,102.23,74.46
2020-04-10,44.7,75.11,99.39,68.72
2020-04-11,67.14,69.34,113.4,76.91
2020-04-12,81.01,74.66,117.44,89.65
2020-04-13,89.58,69.63,119.57,93.32
2020-04-14,57.7,71.09,95.86,71.61
2020-04-15,74.97,79.27,119.64,90.45
2020-04-16,65.35,76.24,86.24,76.89
2020-04-17,68.94,74.95,90.14,79.25
2020-04-18,96.44,79.39,83.56,96.56
2020-04-19,54.97,77.4,90.87,75.21
2020-04-20,72.54,82.23,110.72,86.5
2020-04-21,74.68,72.7,114.12,86.22
2020-04-22,80.86,72.85,111.16,92.72
2020-04-23,70.98,68.49,105.24,80.36
2020-04-24,73.08,72.86,100.56,85.27
2020-04-25,66.08,79.82,108.35,85.75
2020-04-26,72.69,81.5,95.63,87.83
2020-04-27,66.57,79.8,113.65,83.19
2020-04-28,76.22,66.03,107.09,84.14
2020-04-29,66.3,80.42,107.91,80.16
2020-04-30,73.77,65.81,101.44,79.17
2020-05-01,69.71,79.49,115.41,83.95
2020-05-02,81.26,73.16,90.08,91.51
2020-05-03,69.49,78.51,95.25,81
2020-05-04,52.27,68.34,111.11,68.15
2020-05-05,82.62,80.86,99.71,89.8
2020-05-06,60.94,67.68,115.57,76.31
2020-05-07,63.46,71.66,93.86,76.41
2020-05-08,64.04,70.01,94.77,78.08
2020-05-09,83.74,66.23,115.55,89.63
2020-05-10,48.64,75.47,98.57,66.47
2020-05-11,101.38,84.03,100.64,102.89
2020-05-12,80.56,88.33,93.31,95.73
2020-05-13,72.23,75.49,91.07,82.23
2020-05-14,69.45,80.58,106.24,86.9
2020-05-15,72.86,76.16,84.79,82.36
2020-05-16,75.21,77.49,115.17,85.7
2020-05-17,76.45,73.29,111.17,85.7
2020-05-18,75.56,75.98,87.63,82.55
2020-05-19,70.9,77.69,107.76,83.26
2020-05-20,68.03,72.11,104.11,80.47
2020-05-21,68.49,74.61,87.38,80.7
2020-05-22,68.05,74.71,90.93,76.63
2020-05-23,81.34,79.13,96.36,90.06
2020-05-24,75.94,69.67,107.97,83.06
2020-05-25,40.6,74.74,105.55,63.51
2020-05-26,76.56,84.56,101.29,90.15
2020-05-27,71.95,80.82,110.74,85.47
2020-05-28,69.81,81.75,110.32,88.38
2020-05-29,66.11,75.12,104.71,82.56
2020-05-30,81.24,76.6,111.48,92.9
2020-05-31,79.48,80.01,93.37,88.04
2020-06-01,62.27,82.8,115.25,80.08
2020-06-02,74.07,65.24,104.6,81.16
2020-06-03,60.28,68.42,112.89,74.52
2020-06-04,56.2,81.55,101.85,75.31
2020-06-05,63.73,73.62,88.74,74.21
2020-06-06,78.62,71.64,101.7,85.91
2020-06-07,79.53,68.73,94.84,83.89
2020-06-08,75.13,72.22,107.9,86.13
2020-06-09,77.25,67.99,99.03,84.78
2020-06-10,75.16,85.46,113.44,92.83
2020-06-11,63.59,74.89,107.12,76.3
2020-06-12,74.32,74.71,107.38,86.02
2020-06-13,78,77.94,88.69,85.39
2020-06-14,77.54,79.81,119.37,87.94
2020-06-15,81.89,79.73,113.67,91.54
2020-06-16,77.08,80.37,111.56,91.69
2020-06-17,73.51,71.85,93.21,81.42
2020-06-18,80.7,73.51,101.43,91.1
2020-06-19,69.73,78.85,85.48,83.02
2020-06-20,61.18,72.36,101.54,75.02
2020-06-21,68.37,74.97,85.84,81.91
2020-06-22,62.55,76.99,102.12,79.43
2020-06-23,63.25,78.93,105.95,78.25
2020-06-24,68.55,66.11,95.61,80.85
2020-06-25,62.08,78.57,99.94,79.19
2020-06-26,66.92,73.83,115.03,81.22
2020-06-27,51.06,78.54,84.34,68.77
2020-06-28,72.13,78.88,111.67,88.36
2020-06-29,70.01,83.04,86.83,84.94
2020-06-30,61.83,81.77,81.47,79.21
2020-07-01,76.59,81.73,87.42,86.37
2020-07-02,79.38,82.22,110.6,93.24
2020-07-03,53.92,76.46,96.21,74.38
2020-07-04,62.37,75.16,114.9,77.64
2020-07-05,62.31,79.36,100.99,76.4
2020-07-06,60.6,78.66,80.89,77.08
2020-07-07,78.29,73.45,108.67,84.07
2020-07-08,68.06,77.02,84.41,80.39
2020-07-09,67.35,74.82,111.58,80.6
2020-07-10,49.96,70.73,86.72,69.38
2020-07-11,76.35,81.45,93.82,86.99
2020-07-12,57.61,75.28,110.45,77.94
2020-07-13,70.6,85.24,118.17,87.24
2020-07-14,72.77,66.87,94.86,81.9
2020-07-15,83.61,72.22,113.18,94.49
2020-07-16,56.91,75.16,87.63,70.84
2020-07-17,39.8,80.69,112.29,67.97
2020-07-18,71.84,77,106.3,90.03
2020-07-19,88.01,76.55,87.71,92.33
2020-07-20,82.39,69.36,92.1,86.51
2020-07-21,72.1,69.22,85.27,81.05
2020-07-22,65.08,76.61,95.32,79.31
2020-07-23,78.07,68.18,88.15,79.51
2020-07-24,60.26,72.34,105.76,77.93
2020-07-25,74.76,77.5,119.78,83.83
2020-07-26,75.05,70.09,80.48,80.28
2020-07-27,80.6,83.03,101.64,94.15
2020-07-28,97.6,81.12,102.95,100.59
2020-07-29,73.92,67.14,116.57,81.48
2020-07-30,64.91,70.34,100.24,78.86
2020-07-31,69.74,63.57,101.75,75.74
2020-08-01,52.31,71.09,98.87,67.26
2020-08-02,63.05,78.83,90.76,78.99
2020-08-03,65.91,72.93,82.24,76.58
2020-08-04,64.76,77.3,96.35,76.92
2020-08-05,71.52,67.39,82.1,79.35
2020-08-06,61.78,78.99,102.02,79.79
2020-08-07,81.21,72.22,92.29,86.12
2020-08-08,70,75.06,101.34,81.58
2020-08-09,69.91,74.54,85.37,81.24
2020-08-10,66.72,68.64,117.31,81.6
2020-08-11,71.55,69.23,115.78,81.63
2020-08-12,78.25,79.84,87.6,88.96
2020-08-13,61.33,76.99,93.74,78.1
2020-08-14,63.42,80.25,104.54,82.36
2020-08-15,66.96,76.62,83.83,79.29
2020-08-16,56.54,75.71,94.18,71.8
2020-08-17,61.81,66.37,90.04,71.71
2020-08-18,65.24,73.65,116.62,80.95
2020-08-19,78.74,74.86,114.1,92.23
2020-08-20,72.63,84.77,103.19,86.84
2020-08-21,71.94,78.43,100.81,86.23
2020-08-22,78.51,82.68,117.23,91.24
2020-08-23,68.63,77.99,117.3,84.32
2020-08-24,73.9,71.44,118.77,87.82
2020-08-25,68.97,75.59,85.02,81.65
2020-08-26,72.65,76.18,86.42,80.22
2020-08-27,64.17,70.3,107.07,76.18
2020-08-28,45.61,73.08,101.66,69.28
2020-08-29,68.66,73.97,80.74,79.14
2020-08-30,84.23,83.03,82.48,89.7
2020-08-31,79.26,64.6,115.52,83.31
2020-09-01,79.65,81.03,114.75,93.08
2020-09-02,82.36,70.32,94.29,88.96
2020-09-03,70.89,68.14,115.64,81.39
2020-09-04,71.97,80.9,103.75,90.87
2020-09-05,63.82,78.66,112.24,82.63
2020-09-06,66.84,81.27,97.1,81.84
2020-09-07,76.16,79,84.54,84.12
2020-09-08,82.04,85.3,97.35,91.13
2020-09-09,68.61,77.79,98.29,82.78
2020-09-10,65.5,74.22,102.04,78.21
2020-09-11,70.01,76.71,84.22,84.46
2020-09-12,76.01,81.22,119.66,92.99
2020-09-13,55.56,71.1,89.77,72.02
2020-09-14,47.04,71.74,87.94,63.36
2020-09-15,64.49,73.46,101.07,76.84
2020-09-16,57.79,64.48,101.49,73.13
2020-09-17,64.92,75.69,97.59,77.86
2020-09-18,68.52,65.57,110.88,80.67
2020-09-19,65.47,75.27,100.67,80.41
2020-09-20,84.52,79.33,104.39,92.99
2020-09-21,73.27,72.62,108.95,82.5
2020-09-22,73,83.39,81,85.07
2020-09-23,76.22,67.7,102.83,83.47
2020-09-24,58.61,80.96,115.37,81.15
2020-09-25,80.39,78.38,80.7,85.88
2020-09-26,69.24,66.42,96.21,77.21
2020-09-27,76.7,88.55,117.05,93.23
2020-09-28,59.28,74.68,94.13,76.18
2020-09-29,54.46,70.61,98.35,68.94
2020-09-30,78.18,67.96,119.26,83.38
2020-10-01,73.76,73.9,87.97,83.96
2020-10-02,60.98,74.36,82.61,71.56
2020-10-03,61.3,75.51,114.38,80.99
2020-10-04,81.25,73.51,114.74,89.32
2020-10-05,58.11,78.17,98.88,72.93
2020-10-06,86.43,73.06,100.57,90.18
2020-10-07,60.99,65.33,113.43,74.83
2020-10-08,76.38,74.25,109.54,85.42
2020-10-09,66.71,63.16,90.61,74.39
2020-10-10,76.03,76.77,80.68,85.87
2020-10-11,64.56,70.1,99.19,76.29
2020-10-12,68.37,75.82,114.36,80.91
2020-10-13,70.41,81.57,115.83,85.86
2020-10-14,59.98,70.26,118.25,78.75
2020-10-15,77.41,80.31,115.18,93.46
2020-10-16,64.87,72.83,103.2,74.33
2020-10-17,67.71,83.77,97.78,86.09
2020-10-18,60.06,73.17,110.99,76.9
2020-10-19,44.38,70.8,109.59,67.75
2020-10-20,68.09,78.44,101.53,81.28
2020-10-21,94.13,72.82,83.49,90.42
2020-10-22,77.85,70.79,117.04,87.9
2020-10-23,69.81,72.61,98.22,78.87
2020-10-24,67.37,74.78,94.53,77.01
2020-10-25,70.22,81.71,105.18,82.7
2020-10-26,75.47,65.33,106.95,83.31
2020-10-27,58.19,75.12,88.43,74.08
2020-10-28,81.14,78.12,113.48,92.84
2020-10-29,77.15,75.97,91.6,87.18
2020-10-30,77.18,81.55,87.47,86.83
2020-10-31,74.38,74.63,96.26,83.97
2020-11-01,70.2,74.08,109.22,81.65
2020-11-02,76.73,77.96,118.62,88.66
2020-11-03,75.92,75.5,112.37,85.05
2020-11-04,66.46,73.05,117.61,81.64
2020-11-05,64.26,77.58,85.62,80.3
2020-11-06,71.02,71.74,82.85,77.96
2020-11-07,85.49,71.94,102.31,92.86
2020-11-08,57.61,72.36,91.61,72.9
2020-11-09,55.32,81.77,113.12,77.69
2020-11-10,71.65,58.89,106.88,73.84
2020-11-11,70.51,76.98,118.83,81.37
2020-11-12,71.73,75.17,90.19,82.41
2020-11-13,72.44,66.6,99.43,81.63
2020-11-14,67.77,76.55,100.05,79.94
2020-11-15,84.9,77.38,89.57,94.19
2020-11-16,53.99,77.95,103.6,75.4
2020-11-17,61.72,61.74,97.73,69.68
2020-11-18,68.97,81.83,97.87,83.96
2020-11-19,53.57,71.31,94.51,75.07
2020-11-20,68.24,78.43,80.68,77.9
2020-11-21,86.61,78.71,100.88,94.59
2020-11-22,70.21,70.62,93.41,79.07
2020-11-23,72.31,78.3,80.05,84.12
2020-11-24,57.4,73.07,92.32,75.43
2020-11-25,63.84,64.64,91.15,72.5
2020-11-26,66.25,80.84,95.74,83.9
2020-11-27,66.82,71.12,85.27,81.51
2020-11-28,82.82,70.73,100.31,88.15
2020-11-29,75.58,72.98,107.7,86.88
2020-11-30,58.89,76.36,105.21,75.22
2020-12-01,72.47,74.71,112.15,84.62
2020-12-02,74.98,77.74,98.08,85.54
2020-12-03,81.4,68.3,100.76,87.83
2020-12-04,85.81,71.29,112.42,93.65
2020-12-05,59.85,74.42,97.11,75.17
2020-12-06,61.89,84.49,108.06,84.8
2020-12-07,57.42,74.43,97.38,77.02
2020-12-08,67.66,80.43,96.71,84.13
2020-12-09,74.66,75.19,110.41,84.88
2020-12-10,79.87,72.58,86.99,84.43
2020-12-11,69.24,73.77,93.54,78.78
2020-12-12,66.8,74.16,88.97,80.54
2020-12-13,71.52,78.02,94.36,81.13
2020-12-14,61.65,81.87,89.21,80.01
2020-12-15,90.9,76.8,103.18,93.42
2020-12-16,53.92,80.94,111.93,77.57
2020-12-17,71.85,70.18,111.46,82.36
2020-12-18,90.24,72.93,94.58,95.44
2020-12-19,70.07,71.38,119.55,84.83
2020-12-20,68.1,76.57,103.75,84.73
2020-12-21,66.43,73.21,95.98,81.66
2020-12-22,68.2,78.65,113.42,84.01
2020-12-23,83.73,70.34,109.19,86.98
2020-12-24,47.88,75.22,109.97,67.71
2020-12-25,85.33,78.43,87.85,87.18
2020-12-26,55.76,64.67,98.73,67.03
2020-12-27,67.33,85.61,114.47,86.23
2020-12-28,65.71,73.58,100.16,77.75
2020-12-29,75.89,64.87,107.34,81.86
2020-12-30,54.02,75.79,103.52,74.07
2020-12-31,74.62,75.17,113.69,85.6
2021-01-01,90.24,74.59,91.38,90.87
2021-01-02,56.37,79.96,103.02,76
2021-01-03,71.9,78.74,84.93,81.33
2021-01-04,63.38,76.49,107.61,78.84
2021-01-05,74.26,77.25,109.28,89.07
2021-01-06,70.19,74.48,81.71,79.54
2021-01-07,63.59,83.88,107.03,85.95
2021-01-08,74.88,67.6,96.59,84.49
2021-01-09,88.04,75.7,84.96,90.44
2021-01-10,68.09,75.33,96.8,78.44
2021-01-11,77.2,79.07,87.77,86.62
2021-01-12,57.07,70.78,96.62,74.52
2021-01-13,60.44,66.28,95.37,71.33
2021-01-14,74.72,75.78,109.54,87.91
2021-01-15,84.84,76.41,110.97,94.98
2021-01-16,73.56,82.45,104.28,86
2021-01-17,66.87,68.65,80.91,74.32
2021-01-18,69.99,80.77,117.24,87.45
2021-01-19,57.5,86.84,107.45,80.28
2021-01-20,76.05,73.11,81.37,81.64
2021-01-21,78.82,68.55,112.75,85.28
2021-01-22,65.48,72.97,88.01,77.14
2021-01-23,65.3,75.07,103.17,76.4
2021-01-24,72.66,77.82,98.67,86.12
2021-01-25,65.63,72.04,96.79,76.92
2021-01-26,69.34,82.78,115.59,80.71
2021-01-27,91,69.43,97.49,92.07
2021-01-28,67.53,66.3,83.01,73.86
2021-01-29,66.42,80.53,117.87,87.23
2021-01-30,63.52,63.63,116.82,74.08
2021-01-31,77.44,73.98,107.38,84.6
2021-02-01,68.19,90.59,98.72,88.04
2021-02-02,63.51,74.94,83.71,75.13
2021-02-03,83.21,69.4,111.63,87.29
2021-02-04,84.2,74.71,83.02,89.73
2021-02-05,64,74.75,82.74,74.49
2021-02-06,51.33,75.8,101.5,68.35
2021-02-07,80.08,78.31,86.41,91.46
2021-02-08,63.15,69.8,80.31,75
2021-02-09,77.91,83.44,96.92,89.29
2021-02-10,50.3,76.23,85.49,69.21
2021-02-11,78.93,78.63,86.42,88.46
2021-02-12,57.89,71.86,83.08,73.73
2021-02-13,77.31,81.43,88.2,86.27
2021-02-14,70.14,73.71,108.62,83.16
2021-02-15,60.46,76.39,112.36,77.05
2021-02-16,65.93,70.33,98.1,77.12
2021-02-17,76.86,70.02,100.26,84.47
2021-02-18,71.06,78.44,81.31,82.13
2021-02-19,75.84,72.78,82.77,84.36
2021-02-20,89.76,70.73,90.3,92.15
2021-02-21,54.36,71.78,101.76,68.49
2021-02-22,86.17,78.49,109.58,91.34
2021-02-23,71.04,71.85,104.2,81.04
2021-02-24,61.01,74.41,95.69,79.6
2021-02-25,56.7,75.08,84.73,70.82
2021-02-26,68.11,65.41,111.23,77.74
2021-02-27,79.22,67.64,94.55,82.97
2021-02-28,68.72,76.68,109.44,81.74
2021-03-01,85.11,71.31,100.52,90
2021-03-02,55.49,80.28,109.55,79.16
2021-03-03,69.88,79.83,116.29,86.4
2021-03-04,57.48,78.6,116.84,76
2021-03-05,73.64,84.1,101.4,93.47
2021-03-06,78.87,74.58,100.46,87.36
2021-03-07,65.79,78.24,90.63,78.68
2021-03-08,43.96,72.08,117.43,69.78
2021-03-09,71.99,87.26,98.32,86.99
2021-03-10,74.37,84.92,85.1,90.43
2021-03-11,74.04,75.06,97.31,82.44
2021-03-12,82.36,76.93,85.08,91.56
2021-03-13,59.29,81.8,100.1,78.71
2021-03-14,76.8,74.26,102.45,88.61
2021-03-15,81.93,71.72,93.51,91
2021-03-16,52.21,79.37,82.87,69.1
2021-03-17,73.2,75.39,117.74,88.4
2021-03-18,64.96,75.91,110.93,77.62
2021-03-19,69.18,70.83,113.56,79.1
2021-03-20,73.48,66.41,94.67,78.51
2021-03-21,65.13,76.18,110.43,81.6
2021-03-22,63.24,79.52,99.41,79.76
2021-03-23,70.34,73.87,88.04,80.22
2021-03-24,59.13,82.18,84.98,77.14
2021-03-25,59.14,71.48,93.8,74.64
2021-03-26,76.79,69.73,85.5,83.85
2021-03-27,58.51,74.66,119.93,79.15
2021-03-28,76.66,74.59,81.97,87.67
2021-03-29,74.63,78.85,97.65,86.04
2021-03-30,52.74,71.13,98.08,68.86
2021-03-31,63.22,81.84,92.03,81.1
2021-04-01,81.94,84.83,102.85,91.09
2021-04-02,60.19,74.8,86,73.28
2021-04-03,65.36,81.25,111.36,84.85
2021-04-04,74.62,69.72,93.3,81.74
2021-04-05,77.83,80.38,103.65,86.8
2021-04-06,67.48,80.24,108.63,80.47
2021-04-07,64.02,79.32,115.56,81.79
2021-04-08,84.22,74.92,113.43,94.13
2021-04-09,87.39,60.23,104.33,89.22
2021-04-10,79.79,71.79,95.54,86.37
2021-04-11,70.85,71.87,100.13,85.29
2021-04-12,61.92,70.11,110.75,76.06
2021-04-13,61.7,75.61,115.1,78.5
2021-04-14,75.23,72.91,84.15,77.58
2021-04-15,74.18,70.88,95.39,81.5
2021-04-16,84.02,69.71,111.04,91.1
2021-04-17,76.5,71.42,97.27,87.32
2021-04-18,54.97,80.61,93.29,72.89
2021-04-19,80.52,71.69,96.45,87.56
2021-04-20,60.02,72.43,104.11,77.49
2021-04-21,66.16,72.72,119.99,80.81
2021-04-22,72.5,76.69,99.72,79.58
2021-04-23,89.96,77.28,88.34,94.22
2021-04-24,101.1,59.78,86.51,94.75
2021-04-25,76.07,80.11,81.69,83.96
2021-04-26,68.17,82.18,102.35,83.5
2021-04-27,75.35,69.75,101.78,80.98
2021-04-28,78.88,70.14,88.21,79.06
2021-04-29,66.79,72.75,107.81,82.01
2021-04-30,87.95,71.22,109.64,92.21
2021-05-01,72.3,76.12,90.36,86.06
2021-05-02,74.98,65.27,93.76,82.19
2021-05-03,76.66,69.41,119.62,85.01
2021-05-04,74.22,82.7,94.97,86.94
2021-05-05,78.39,70.36,110.43,87.35
2021-05-06,63.83,81.22,98.11,82.53
2021-05-07,64.42,76.78,111.73,81.18
2021-05-08,59,65.95,110.76,75.07
2021-05-09,74.4,78.18,106.71,85.99
2021-05-10,77.79,74.41,114.19,85.86
2021-05-11,74.58,72.72,117.57,85.46
2021-05-12,86.74,76.22,103.2,93.26
2021-05-13,69.94,77.37,89.5,79.46
2021-05-14,76.69,78.54,95.95,84.35
2021-05-15,59.08,80.89,110.33,79.73
2021-05-16,66.13,77.04,106.04,80.29
2021-05-17,76.96,68.12,87.11,81.8
2021-05-18,78.49,72.63,82.05,83.63
2021-05-19,67.06,89.72,107.32,89.9
2021-05-20,69.28,78.62,90.04,84.54
2021-05-21,54.82,86.85,99.99,75.16
2021-05-22,66.43,81.98,109.87,82.57
2021-05-23,78.9,76.21,102.51,89.78
2021-05-24,75.75,76.51,83.33,85.59
2021-05-25,75.01,74.82,87.42,83.59
2021-05-26,70.5,66.31,88.77,75.43
2021-05-27,70.07,75.09,90.31,79.74
2021-05-28,63.4,81.05,102.62,79.69
2021-05-29,76.99,72,100.16,85.56
2021-05-30,74.21,77.06,88.13,87.57
2021-05-31,74.92,79.26,82.7,83.55
2021-06-01,64.74,70.45,86.86,73.66
2021-06-02,48.47,72.74,119.38,69.9
2021-06-03,80.97,69.91,98.74,88.48
2021-06-04,65.21,70.89,114.69,76.06
2021-06-05,61.37,68.56,113.95,78.55
2021-06-06,76.93,70.5,100.46,84.06
2021-06-07,66.08,82.1,108.27,81.85
2021-06-08,80.6,70.42,87.71,82.1
2021-06-09,76.17,75.63,107.54,88.12
2021-06-10,76.84,72.49,90.9,83.85
2021-06-11,56.34,80.89,113.28,77.83
2021-06-12,82.12,81.56,83.35,88.43
2021-06-13,72.61,79.32,110.93,85.75
2021-06-14,66.31,76.53,84,77.82
2021-06-15,71.43,73.84,115.25,83.72
2021-06-16,52.24,69.04,92.17,66.84
2021-06-17,74.09,84.72,106.18,85.89
2021-06-18,59.71,71.2,99.5,79.71
2021-06-19,56.47,78.32,94.65,71.95
2021-06-20,54.78,80.3,105.82,75.93
2021-06-21,81.13,72.22,117.9,85.81
2021-06-22,63.71,80.19,81.65,74.47
2021-06-23,85.34,78.82,116.75,94.6
2021-06-24,64.64,83.64,104.36,83.02
2021-06-25,52.93,72.65,112.29,74.57
2021-06-26,58.83,68.57,95.35,73.06
2021-06-27,82.36,72.47,98.87,87.99
2021-06-28,68.44,76.04,114.75,81.06
2021-06-29,64.52,75.29,96.59,81.49
2021-06-30,71.6,73.03,101.39,84.17
2021-07-01,75.02,65.45,80.81,76.78
2021-07-02,81.17,77.35,86.34,88.35
2021-07-03,84.48,84.86,105.67,95.49
2021-07-04,66.4,77.32,108.68,80.94
2021-07-05,56.74,78.05,103.3,77.14
2021-07-06,65.87,77.86,85.73,80.9
2021-07-07,72.6,76.99,97.82,83.76
2021-07-08,60.36,79.66,94.2,76.94
2021-07-09,60.43,76.98,99.83,80.03
2021-07-10,73.44,73.44,114.81,86.79
2021-07-11,69.51,71.02,111.03,81.36
2021-07-12,70.33,73.76,83.36,76.78
2021-07-13,62.42,76.57,115.61,80.33
2021-07-14,67.7,73.42,98.87,81.27
2021-07-15,60.76,76.57,109.75,72.55
2021-07-16,78.9,77.2,85.6,87.28
2021-07-17,80.35,79.17,106.83,89.73
2021-07-18,51.54,81.41,89.45,71.99
2021-07-19,60.7,75.39,97.54,74.52
2021-07-20,55.03,68.46,80.67,68.17
2021-07-21,63.5,73.27,86.06,78.8
2021-07-22,69.17,75.22,83.68,79.07
2021-07-23,55.5,65.82,89.59,70.52
2021-07-24,60.78,81.94,84,76.03
2021-07-25,59.96,75.71,107.68,78.55
2021-07-26,72.07,76.91,81.16,82.13
2021-07-27,70.69,81.83,104.71,86.32
2021-07-28,62.78,71.85,85.63,74.99
2021-07-29,71.77,77.87,117.81,87.27
2021-07-30,64.53,74.45,117.32,75.09
2021-07-31,67.28,74.08,89.02,76.06
2021-08-01,86.73,71.14,104.58,91.79
2021-08-02,83.4,83.33,81.12,87.4
2021-08-03,57,73.12,117.27,74.11
2021-08-04,78.3,78.5,100.92,88.36
2021-08-05,78.11,65.62,81.73,79.63
2021-08-06,58.52,80.9,93.7,75.46
2021-08-07,78.19,80.26,83.07,87.87
2021-08-08,85.38,75.49,95.72,93.01
2021-08-09,58.77,73.87,106.8,73.57
2021-08-10,60.82,77,98.8,76.02
2021-08-11,80.18,86.44,95.35,90.76
2021-08-12,72.71,66.18,84.77,73.73
2021-08-13,75.51,78.91,89.8,86.13
2021-08-14,73.41,70.44,84.01,82.49
2021-08-15,73.91,74.9,112.3,87.57
2021-08-16,56.74,73.76,85.41,70.35
2021-08-17,80.47,72.86,103.81,85.3
2021-08-18,81.7,74.95,93.71,88.41
2021-08-19,67.71,69.33,89.04,78.92
2021-08-20,69.57,80.15,105.58,84.67
2021-08-21,54.69,66.03,98.28,69.63
2021-08-22,75.14,77.7,96.01,88.05
2021-08-23,75.72,73.37,103.71,83.67
2021-08-24,69.38,69.15,99.65,78.81
2021-08-25,81.24,76.01,92.14,91.63
2021-08-26,66.66,67.22,102.36,76.73
2021-08-27,75.65,75.2,106.78,83.61
2021-08-28,59.8,67.89,81.07,69.8
2021-08-29,69.76,77.31,98.63,80.77
2021-08-30,68.26,70.38,82.31,78.05
2021-08-31,72.25,72.75,87.46,79.4
2021-09-01,66.3,76.47,102.42,81.15
2021-09-02,68.69,71.14,114.65,79.66
2021-09-03,78.26,74.71,115.31,84.12
2021-09-04,65.63,67.43,82.8,75.24
2021-09-05,53.93,78.15,96.76,73.59
2021-09-06,87.5,83.82,103.32,97.4
2021-09-07,83.81,88.96,85.88,93.11
2021-09-08,57.08,75.46,110.62,73.93
2021-09-09,76.9,78.94,109.77,89.5
2021-09-10,64.97,66.1,116.13,80.07
2021-09-11,72.63,82.51,80.34,84.64
2021-09-12,72.94,78.88,88.67,85.03
2021-09-13,67.66,72.58,113.09,80.29
2021-09-14,62.16,81.19,106.82,77.37
2021-09-15,63.09,73.73,115.78,80.86
2021-09-16,60.84,72.71,82.29,75.63
2021-09-17,61.68,77.38,103.88,79.77
2021-09-18,69.33,69.68,102.76,79.38
2021-09-19,62.84,80.11,81.43,79.09
2021-09-20,76.82,69.72,100.54,85.82
2021-09-21,84.87,69.75,104.38,92.5
2021-09-22,64.2,70.45,87.65,77.44
2021-09-23,72.39,78.8,90.93,84.17
2021-09-24,75,71.92,105.61,81.71
2021-09-25,74.72,68.26,98.73,82.32
2021-09-26,70.76,71.97,114.32,83.19
2021-09-27,77.43,74.84,93.7,87.18
2021-09-28,74.82,69.1,90.67,84.31
2021-09-29,57.62,69.24,119.39,74.02
2021-09-30,78.69,85.56,116.45,97.28
2021-10-01,78.87,70.7,81.16,80.2
2021-10-02,62.37,73.38,110.83,78.7
2021-10-03,70.38,73.16,84.41,78.34
2021-10-04,76.83,72.89,81.1,79.55
2021-10-05,67.91,78.11,90.95,80.68
2021-10-06,80.73,79.74,90.77,86.5
2021-10-07,93.64,73.47,112.77,96.53
2021-10-08,62.14,68.82,108.43,75.72
2021-10-09,56.19,81.37,119.26,80.43
2021-10-10,73.04,74.52,108.46,81.46
2021-10-11,77.22,83.65,96.73,91.28
2021-10-12,67.69,63.77,107.96,77.11
2021-10-13,84.53,75.98,119.98,95.17
2021-10-14,56.61,84.59,108.41,77.78
2021-10-15,76.93,73.23,110.47,83.83
2021-10-16,63.94,73.87,117.53,77.23
2021-10-17,87.19,76.48,84.55,88.78
2021-10-18,89.93,72.21,108.19,94.62
2021-10-19,62.33,73.44,114.03,81.13
2021-10-20,64.5,73.31,118.18,78.71
2021-10-21,78.6,71.86,88.44,86.01
2021-10-22,66.13,81.14,100.16,79.1
2021-10-23,69.55,77.31,107.22,83.74
2021-10-24,70.25,76.25,89.9,82.98
2021-10-25,50.8,79.04,104.02,69.6
2021-10-26,69.86,73.68,90.3,80.01
2021-10-27,63.1,71.13,93.34,77.08
2021-10-28,65.07,71.99,97.66,71.74
2021-10-29,84.44,75.01,101.17,93.46
2021-10-30,57.43,69.7,97.97,72.84
2021-10-31,78.13,72.5,99.73,87.28
2021-11-01,67.21,72.42,91.94,77.66
2021-11-02,67.2,85.62,86.36,79.76
2021-11-03,77.9,61.13,81.89,80.45
2021-11-04,73.4,74.1,87.84,82.3
2021-11-05,75.71,83.63,103.28,89.27
2021-11-06,79.68,75.61,111.44,91.37
2021-11-07,66.69,78.77,86.77,81.72
2021-11-08,63.88,75.5,84.34,80.8
2021-11-09,59.15,71.66,109.97,75.46
2021-11-10,61.75,63.79,92.21,70.4
2021-11-11,99.49,76.03,118.06,101.54
2021-11-12,82.45,71.12,108.57,89.61
2021-11-13,56.49,71,93.07,73.63
2021-11-14,56.78,72.51,91.58,69.3
2021-11-15,74.82,83.72,100.95,88.49
2021-11-16,75.47,87.02,83.17,91.63
2021-11-17,75.49,76.09,84.71,83.72
2021-11-18,67.45,72.68,87.03,80.11
2021-11-19,68.75,69.11,110.99,80.98
2021-11-20,73.28,77.34,100.55,86.87
2021-11-21,70.86,83.91,80.42,82.5
2021-11-22,47.81,73.76,106.94,67.27
2021-11-23,67.7,63.11,96.95,75.6
2021-11-24,61.49,78.35,100.43,75.21
2021-11-25,71.75,79.93,88.56,83.34
2021-11-26,99.85,67.07,102.07,97.45
2021-11-27,73.67,75.88,119.17,90.04
2021-11-28,66.86,77.26,82.94,80.12
2021-11-29,79.22,74.63,91.36,87.77
2021-11-30,74.83,71.05,89.72,84.62
2021-12-01,74.2,80.08,89.94,83.62
2021-12-02,76.07,72.98,95.15,84.02
2021-12-03,90.57,67.57,112.72,97.49
2021-12-04,58.69,64.75,116.51,72.61
2021-12-05,74.74,81.3,88.09,88.41
2021-12-06,60.74,78.08,101.72,79.78
2021-12-07,75.56,75.44,105.48,83.1
2021-12-08,60.81,72.8,100.87,76.31
2021-12-09,65.83,72.36,97.36,78.47
2021-12-10,67.05,69.62,87.68,77.51
2021-12-11,79.76,72.84,99.53,85.44
2021-12-12,79.18,64.4,96.05,80.64
2021-12-13,57.54,71.32,111.82,73.28
2021-12-14,70.55,73.45,110.54,82.57
2021-12-15,62.9,78.05,85.36,79.87
2021-12-16,57.41,74.8,83.54,76.35
2021-12-17,67.83,78.97,116.33,86.71
2021-12-18,66.92,81.75,101.42,84.71
2021-12-19,94.27,80.29,114.31,98.1
2021-12-20,74.33,77.35,82.33,82.95
2021-12-21,56.22,75.06,101.06,74.28
2021-12-22,64.35,70.1,101.58,75.54
2021-12-23,80.21,78.7,114.43,92.2
2021-12-24,90.88,83.4,83.9,97.72
2021-12-25,54.14,76.71,89.62,73.2
2021-12-26,51.2,84.59,96.26,76.23
2021-12-27,88.71,67.37,114.63,89.83
2021-12-28,73.9,69.23,117.56,85.65
2021-12-29,61.32,79.28,119.71,79.08
2021-12-30,75.35,76.32,118.37,85.69
2021-12-31,43.64,81.57,80.24,67.9
2022-01-01,70.03,74.92,81.91,82.61
2022-01-02,73.28,70.66,85.9,81.8
2022-01-03,79.24,73.93,93.95,86.55
2022-01-04,59.86,67.34,113.2,74.79
2022-01-05,70.86,69.36,115.71,82.1
2022-01-06,60.75,79.86,87.47,74.89
2022-01-07,72.55,79.36,104.79,83.27
2022-01-08,61.05,76.82,116.69,78.87
2022-01-09,65.92,66.39,98.55,76.12
2022-01-10,60.04,73.21,84.14,73.74
2022-01-11,76.51,68.88,98.31,84.64
2022-01-12,78.58,80.88,95.03,88.57
2022-01-13,67.65,72.08,103.11,80.86
2022-01-14,70.38,69.57,97.55,79.52
2022-01-15,55.51,75.15,80.69,75.08
2022-01-16,67,71.8,119.76,81.06
2022-01-17,69.5,82.42,101.74,89.52
2022-01-18,96.21,71.33,98.95,96.86
2022-01-19,58.88,68,118.18,73.92
2022-01-20,84.64,64.24,86.23,83.3
2022-01-21,79.97,74.85,87.57,83.79
2022-01-22,72.81,72.19,112.32,81.81
2022-01-23,87.59,67.86,90.43,86.98
2022-01-24,73.72,80.95,111.97,88.6
2022-01-25,73.89,78.34,90.86,83.7
2022-01-26,69.47,74.86,81.33,80.13
2022-01-27,82.24,81.82,100.68,94.7
2022-01-28,80.96,78.31,87.87,88.51
2022-01-29,63.74,70.89,110.31,81.79
2022-01-30,56.81,69.8,105.65,70.22
2022-01-31,67.97,79.09,116.94,83.81
2022-02-01,62,76.98,111.32,78.05
2022-02-02,69.36,75.85,87.23,82.55
2022-02-03,82.37,70.77,112.01,84.45
2022-02-04,65.43,78.04,105.67,78.15
2022-02-05,69.57,71.22,106.76,80.69
2022-02-06,70.58,74.49,113.29,86.58
2022-02-07,78.48,82.23,102.95,90.73
2022-02-08,47.53,71.7,98.64,64.36
2022-02-09,63.93,67.14,105.47,73.37
2022-02-10,72.11,69.74,91.92,83.7
2022-02-11,82,79.97,87.3,88.68
2022-02-12,65.08,76.27,104.66,78.14
2022-02-13,51.23,74.36,89.35,72.37
2022-02-14,76.2,72.45,83.2,85.04
2022-02-15,63.65,77.43,80.02,79.71
2022-02-16,58.1,70.75,104.33,71.69
2022-02-17,63.76,76.53,94.49,75.27
2022-02-18,68.15,71.34,110.09,80.7
2022-02-19,63.95,70.51,95.01,76.75
2022-02-20,47.94,71.81,99.44,68.16
2022-02-21,78.97,73.12,96.28,89.21
2022-02-22,82.75,74.76,106.02,86.69
2022-02-23,76.52,76.18,94.25,87.53
2022-02-24,58.62,56.56,118.55,67.46
2022-02-25,67.99,70.96,117.45,82.63
2022-02-26,69.93,73.04,113.92,81.62
2022-02-27,75.99,82.53,116.81,88.66
2022-02-28,76.68,69.6,97.97,82.43
2022-03-01,62.66,75.81,101.46,75.17
2022-03-02,70.82,82.48,109.68,86.53
2022-03-03,74.57,68.44,107.85,81.36
2022-03-04,84.56,76.97,115.63,94.66
2022-03-05,77.05,70.99,108.65,86.77
2022-03-06,77.89,72.48,119.92,91.09
2022-03-07,70.84,70.98,93.94,81.02
2022-03-08,84.1,71.34,113.32,91.37
2022-03-09,74.1,88.61,107.91,93.5
2022-03-10,61.39,79.22,107.66,78.03
2022-03-11,84.03,80.51,93.03,88.95
2022-03-12,76.98,77.46,111.42,88.71
2022-03-13,65.57,66.97,116.02,74.89
2022-03-14,65.21,76.97,88.74,83.7
2022-03-15,72.97,80.36,105.02,89.34
2022-03-16,74.63,70.73,95.69,86.97
2022-03-17,71.97,79.83,119.58,87.2
2022-03-18,73.11,78.52,99.15,86.29
2022-03-19,87,84.26,89.13,93.9
2022-03-20,80.72,72.91,95.27,88.89
2022-03-21,71.91,69.51,106.15,79.13
2022-03-22,79.41,73.19,83.04,80.14
2022-03-23,59.67,82.18,104.14,77.51
2022-03-24,73.98,65.86,117.25,79.55
2022-03-25,88.09,64.66,114.01,93.07
2022-03-26,67.82,75.45,82.71,82.77
2022-03-27,61.52,72.79,119.74,75.2
2022-03-28,63.48,75.04,107.95,81.48
2022-03-29,59.1,79.73,86.49,77.9
2022-03-30,62.15,72.24,80.5,71.1
2022-03-31,66.29,65.63,86.85,73.93
2022-04-01,55.94,85.22,113.53,77.84
2022-04-02,70.16,70.01,80.87,79.68
2022-04-03,79.02,69.7,89.33,81.77
2022-04-04,60.92,80.52,110.29,79.59
2022-04-05,85.19,73.08,103.44,89.32
2022-04-06,75.11,74.68,111.31,87.02
2022-04-07,80.31,77.41,109.85,89.7
2022-04-08,63.42,80.42,82.02,77.35
2022-04-09,78.55,73.33,115.7,87.61
2022-04-10,59.08,82.6,89.08,81.47
2022-04-11,78.9,64.32,102.14,82.45
2022-04-12,71.72,78.8,105.77,83.05
2022-04-13,75.53,70.8,86.75,83.48
2022-04-14,58.24,81.86,119.05,79.31
2022-04-15,61.05,75.71,99.53,74.04
2022-04-16,75.97,71.64,82.31,86.93
2022-04-17,60.52,78.31,117.49,78.68
2022-04-18,74.63,79.47,103.45,86.16
2022-04-19,56.33,78.21,107.97,76.2
2022-04-20,78.48,69.85,101.01,88.59
2022-04-21,57.67,72.58,113.39,71.61
2022-04-22,75.52,74.98,81.33,83.99
2022-04-23,76.26,74.79,90.74,88.92
2022-04-24,63.03,78.75,98.79,79.45
2022-04-25,75.82,64.93,83.06,77.3
2022-04-26,72.6,76.67,108.24,83.82
2022-04-27,64.61,73.55,95.75,78.17
2022-04-28,59.91,70.81,90.91,76.02
2022-04-29,50.37,71.29,80.14,66.07
2022-04-30,73.5,73.93,108.79,86.2
2022-05-01,54.35,56.99,113.35,63.87
2022-05-02,70.95,71.49,95.8,77.86
2022-05-03,67.37,70.62,102.57,77.96
2022-05-04,76.79,77.66,89.11,88.93
2022-05-05,66.98,70.97,104.89,79.2
2022-05-06,66.71,73.92,80.49,78.22
2022-05-07,77.32,82.71,99.55,89.99
2022-05-08,73.35,79.97,105.77,88.79
2022-05-09,73.16,79.51,116.73,86.15
2022-05-10,74.69,72.5,95.25,84.72
2022-05-11,54.64,77.72,110.61,73.27
2022-05-12,77.57,73.83,103.91,90.43
2022-05-13,76.12,74.02,117.08,85.39
2022-05-14,59.83,77.05,95.94,74.55
2022-05-15,67.56,72.02,92.76,79.72
2022-05-16,69.61,82.47,115.49,86.46
2022-05-17,68.66,74.2,81.97,79.73
2022-05-18,73.34,78.09,85.46,84.24
2022-05-19,84.31,82.28,83.3,89.65
2022-05-20,80.82,80.16,113.72,95.15
2022-05-21,56.88,67.96,80.42,71.14
2022-05-22,76.22,77.22,114.47,90.78
2022-05-23,83.29,79.25,98.05,90.42
2022-05-24,73.87,79.46,80.16,84.96
2022-05-25,80.91,69.43,96.07,86.32
2022-05-26,90.12,71.71,87.47,93.76
2022-05-27,80.24,79.97,104.98,92.95
2022-05-28,72.49,71.19,107.17,83.07
2022-05-29,80.45,73.5,99.5,84.58
2022-05-30,71.45,82.88,81.62,87.74
2022-05-31,70.24,74.76,106.25,83.78
2022-06-01,66.49,71.37,113.68,78.59
2022-06-02,85.63,70.61,108.81,91.32
2022-06-03,61.82,76.66,113.2,76.05
2022-06-04,85.32,68.33,88.02,89.44
2022-06-05,75,73.76,115.56,83.12
2022-06-06,56.01,76.67,92.89,73.12
2022-06-07,73.68,81.5,80.54,85.35
2022-06-08,49,78.34,113.74,74.19
2022-06-09,76.26,71.43,117.67,86.31
2022-06-10,78.85,80.89,106.22,91.56
2022-06-11,64.08,73.5,89.26,76.72
2022-06-12,71.24,68.82,90.07,79.21
2022-06-13,89.54,74.14,98.66,93.42
2022-06-14,64.94,82.19,115.91,83.05
2022-06-15,59.41,75.83,85.98,71.2
2022-06-16,84.82,75.06,113.04,90.68
2022-06-17,89.63,83.19,91.65,96.71
2022-06-18,70.04,67.84,112.34,79.9
2022-06-19,80.11,68.57,116.81,86.86
2022-06-20,83.41,66.92,97.1,85.88
2022-06-21,62.58,76.86,94.6,76.02
2022-06-22,65.15,75.83,112.09,79.64
2022-06-23,82.31,82.71,101.18,91.97
2022-06-24,86.85,76.22,107.38,93.35
2022-06-25,75.63,72.98,104.91,85.85
2022-06-26,61.2,75.01,86.12,74.97
2022-06-27,89.87,75.59,113.79,93.48
2022-06-28,64.69,66.64,87.83,71.46
2022-06-29,66.65,88.55,117.29,92.33
2022-06-30,73.42,77.6,90.02,81.83
2022-07-01,85.54,76.05,109.36,91.64
2022-07-02,78.54,78.08,91.39,88.53
2022-07-03,74.15,78.55,92.71,85.9
2022-07-04,74.63,74.3,92.4,84.78
2022-07-05,70.44,71.84,109.92,81.11
2022-07-06,75.58,78,102.27,87.25
2022-07-07,44.7,76.93,115.32,69.25
2022-07-08,67.03,70.95,92.29,77.2
2022-07-09,72.41,82.1,107.68,87.54
2022-07-10,58.49,76.47,110.12,78.8
2022-07-11,73.86,78.65,86.06,84.34
2022-07-12,67.96,81.96,96.02,83.13
2022-07-13,87.55,75.11,99.31,94.64
2022-07-14,85.73,76.58,94.23,93.42
2022-07-15,65.34,79.05,92.88,83.28
2022-07-16,68.49,71.38,107.46,76.88
2022-07-17,69.26,75.27,88.63,82.34
2022-07-18,65.48,75.63,108.38,81.58
2022-07-19,71.95,70.22,117.4,81.23
2022-07-20,62.42,86.59,102.61,82.85
2022-07-21,58.69,67.96,104.46,74.95
2022-07-22,76.23,68.51,82.76,79.76
2022-07-23,76.3,81.57,114.58,90.75
2022-07-24,61.96,78.57,91.42,79.49
2022-07-25,78.95,69.87,104.6,83.64
2022-07-26,63.68,78.04,119.16,81.06
2022-07-27,72.53,82.34,103.82,87.44
2022-07-28,78.2,74.85,108.99,86.17
2022-07-29,69.66,87.99,97.81,85.01
2022-07-30,74.55,66.38,82.41,79.25
2022-07-31,64.84,78.47,111.9,83.09
2022-08-01,68.04,80.83,81.4,82.58
2022-08-02,67.94,79.46,108.03,81.63
2022-08-03,62.53,73.98,80.92,76.51
2022-08-04,68.23,73.55,114.49,80.14
2022-08-05,54.51,77.22,86.31,69
2022-08-06,65.09,79.08,100.57,80.01
2022-08-07,67.15,78.01,103.89,84.13
2022-08-08,67.44,80.2,98.3,83.69
2022-08-09,67.59,69.91,93.63,77.88
2022-08-10,69.38,73.86,98.71,80.21
2022-08-11,74.79,70.3,92.46,81.46
2022-08-12,78.75,73.07,97.52,86.45
2022-08-13,63.5,80.08,94.36,77.43
2022-08-14,57.97,75.54,102.65,74.57
2022-08-15,59.58,88.03,89.52,79.48
2022-08-16,65.13,75.97,119.55,78.72
2022-08-17,66.48,75.3,100.03,78.33
2022-08-18,62.3,75.53,87.77,77.19
2022-08-19,57.04,71.81,99.08,72.88
2022-08-20,65.44,74.71,114.66,80
2022-08-21,71.81,80.64,80.87,81.61
2022-08-22,75.95,75.57,107.18,89.67
2022-08-23,64.43,71.03,101.92,75.59
2022-08-24,65.87,70.37,86.78,76.85
2022-08-25,60.73,72.75,112.7,75.83
2022-08-26,69.69,75.37,94.76,81.51
2022-08-27,61.52,80.97,91.75,79.39
2022-08-28,75.73,68.3,113.13,81.33
2022-08-29,52.14,73.4,105.54,71.18
2022-08-30,66.4,75.72,115.93,84.1
2022-08-31,73.01,65.83,105.2,84.18
2022-09-01,71.84,70.83,109.63,82.14
2022-09-02,96.93,71.6,113.46,98.23
2022-09-03,73.5,71.02,82.19,85.15
2022-09-04,59.96,75.96,111.04,79.73
2022-09-05,69.05,74.2,104.55,80.33
2022-09-06,52.24,72.22,82.78,67.27
2022-09-07,69.19,77.14,100.34,84.32
2022-09-08,61.67,83.62,83.3,76.76
2022-09-09,79.15,83.2,109.44,93.89
2022-09-10,64.5,65.39,101.86,75.71
2022-09-11,68.83,77.89,118.14,85.3
2022-09-12,63.64,74.11,87.33,76.05
2022-09-13,87.39,75.78,104.24,91.91
2022-09-14,66.79,73.01,88.46,81.05
2022-09-15,88.33,75.59,104.56,93.2
2022-09-16,78.14,75.76,108.91,87.26
2022-09-17,74.82,72.11,108.89,84.46
2022-09-18,73.69,70.52,112.6,84.07
2022-09-19,73.94,72.76,114.14,82.82
2022-09-20,50.72,76.17,83.09,68.08
2022-09-21,67.21,77.99,93.73,79.66
2022-09-22,78.45,79.27,107.48,91.22
2022-09-23,69.51,72.53,99.94,78.94
2022-09-24,55.95,76.42,87.63,69.39
2022-09-25,69.48,79.81,102.11,79.89
2022-09-26,87.04,80.83,96.3,91.25
2022-09-27,82.47,74.71,95.6,91.65
2022-09-28,69.38,73.9,112.39,82.46
2022-09-29,79.51,75.96,96.3,88.72
2022-09-30,66.33,69.25,81.06,76.68
2022-10-01,52.96,74.03,82.32,69.73
2022-10-02,60.76,78.72,114.25,79.22
2022-10-03,85.63,78.21,118.42,96.59
2022-10-04,67.26,73.65,107.54,80.86
2022-10-05,67.57,76.09,94.57,83.23
2022-10-06,67,70.88,117.54,81.55
2022-10-07,89.04,78.52,106.51,94.25
2022-10-08,86.26,74.61,113.77,91.98
2022-10-09,92.19,73.62,110.63,94.37
2022-10-10,68.41,73.19,95.17,82.27
2022-10-11,72.96,74.69,99.15,82.76
2022-10-12,54.83,72.76,87.45,69.15
2022-10-13,84.77,78.29,91.68,91.99
2022-10-14,58.32,73.02,111.13,75.12
2022-10-15,72.17,82.96,115.76,88.65
2022-10-16,59.03,82.33,108.98,83.03
2022-10-17,64.11,70.54,98.61,78.37
2022-10-18,61.63,75.35,83.46,75.52
2022-10-19,63.92,71.75,82.28,72.46
2022-10-20,64.61,73.37,94.97,76.61
2022-10-21,64.52,85.01,98.55,83.99
2022-10-22,78.33,73.46,104.36,84.48
2022-10-23,58.95,76.8,80.26,78.4
2022-10-24,72.21,77.71,119.59,86.4
2022-10-25,82.18,70,94.56,86.86
2022-10-26,64.87,70.72,113.92,77.27
2022-10-27,62.82,68.97,101.4,76.41
2022-10-28,67.69,70.57,85.22,75.05
2022-10-29,81.8,60.75,111.9,88.9
2022-10-30,71.94,77.72,108.39,87.73
2022-10-31,64.69,85.27,101.1,85
2022-11-01,74.84,75.74,100.58,82.48
2022-11-02,58.98,67.92,83.5,71.32
2022-11-03,76.81,71.79,106.23,87.84
2022-11-04,74.09,72.71,116.45,86.37
2022-11-05,66.92,69.91,83.73,74.48
2022-11-06,61.61,79.3,90.54,76.44
2022-11-07,61.13,79.05,116.09,79
2022-11-08,75.35,69.22,91.37,80.83
2022-11-09,82.29,78.63,106.16,94.5
2022-11-10,63.63,82.63,101.39,77.53
2022-11-11,74.58,84.51,103.85,90.25
2022-11-12,49.13,89.33,96.63,72.29
2022-11-13,64.15,70.49,92,73.96
2022-11-14,69.69,89.12,81.94,81.64
2022-11-15,60.9,73.23,109.77,75.71
2022-11-16,60.63,72.04,109.84,79.2
2022-11-17,63.32,76.64,106.83,79.86
2022-11-18,72.92,72.09,105.75,80.77
2022-11-19,68.13,77,89.75,82.69
2022-11-20,47.62,68.4,80.89,66.48
2022-11-21,48.79,73.81,112.35,70.24
2022-11-22,63.93,81.43,99.65,84.96
2022-11-23,74.58,74.71,92.27,85.5
2022-11-24,42.52,75.71,84.08,65.57
2022-11-25,65,77.38,82.51,76.6
2022-11-26,64.74,80.85,93.95,81.83
2022-11-27,83.88,66.72,112.19,88.67
2022-11-28,66.15,77.92,116.75,83.57
2022-11-29,73.83,73.66,115.87,83.98
2022-11-30,71.41,75.83,116.8,85.11
2022-12-01,48.69,80.3,116.31,71.33
2022-12-02,77.68,69.03,101.09,80.03
2022-12-03,72.15,69.94,88.78,82.14
2022-12-04,75.08,65.32,111.92,79.36
2022-12-05,109.26,72.25,88.55,103.53
2022-12-06,49.16,81.65,90.69,71.89
2022-12-07,87.25,74.4,89.33,91.7
2022-12-08,67.13,68.3,100.6,77.09
2022-12-09,72.87,72.57,92.87,82.58
2022-12-10,69.54,67.56,86.17,78.31
2022-12-11,65.76,69.37,98.13,78.49
2022-12-12,64.3,76.94,114.96,84.32
2022-12-13,73.3,69.13,102.82,82.38
2022-12-14,54.83,80.56,115.13,76.76
2022-12-15,77.51,74.64,87.83,83.33
2022-12-16,65.84,75.43,86.68,79.22
2022-12-17,58.7,73.61,103.02,76.3
2022-12-18,65.5,78.86,98.53,80.31
2022-12-19,82.57,78.92,106.41,92.84
2022-12-20,64.65,76.68,111.79,80.06
2022-12-21,73.58,77.82,110.05,87.62
2022-12-22,62.69,73.94,117.69,80.78
2022-12-23,77.58,77.71,95.93,89.02
2022-12-24,76.86,73.31,88.26,84.5
2022-12-25,88.49,75.01,102.04,91.22
2022-12-26,68.24,73.63,84.43,77.62
2022-12-27,76.69,72.71,91.55,85.44
2022-12-28,70.98,71.55,88.32,84.94
2022-12-29,82.96,77.34,95.86,89.62
2022-12-30,62.81,81.55,84.45,79.66
2022-12-31,77.45,80.86,81.27,85.83
2023-01-01,68.05,68.72,106.27,77
2023-01-02,69.36,81.45,104.41,83.28
2023-01-03,70.92,73.41,108.33,78.58
2023-01-04,72.52,78,106.42,88.06
2023-01-05,68.84,70.47,84.57,73.49
2023-01-06,72.15,75.71,91.64,82.21
2023-01-07,85.78,76.57,85.18,88.26
2023-01-08,79.85,67.58,113.72,84.55
2023-01-09,78.69,78.04,109.88,92.17
2023-01-10,65.44,81.73,88.06,81.16
2023-01-11,61.11,74.13,93.65,73.75
2023-01-12,79.55,81.8,118.66,91.14
2023-01-13,78.76,74.05,103.77,85.72
2023-01-14,84.73,79.25,112.05,93.66
2023-01-15,63.96,63.91,90.58,73.34
2023-01-16,67.7,87.09,88.4,88.09
2023-01-17,53.61,82.48,111.36,72.46
2023-01-18,66.08,73.58,107.43,79.75
2023-01-19,79.97,65.14,107.24,84.13
2023-01-20,65.34,76.44,102.11,81.88
2023-01-21,76.4,67.78,102.54,83.92
2023-01-22,68.09,77.22,109.43,83.87
2023-01-23,73.24,77.06,90.8,84.54
2023-01-24,58.52,70.29,94.11,70.78
2023-01-25,70.85,80.6,114.87,88.66
2023-01-26,40.09,79.03,92.35,66.5
2023-01-27,68.13,79.88,101.85,84.85
2023-01-28,53.7,75.04,108.11,75.58
2023-01-29,82.06,67.92,120,89.24
2023-01-30,77.77,79.89,97.41,91.32
2023-01-31,74.67,73.65,97.12,84.73
2023-02-01,85.21,68.05,113.7,89.28
2023-02-02,60.51,81.76,112.22,80.22
2023-02-03,87.47,85.5,109.24,97.56
2023-02-04,79.32,74.79,98.53,86.32
2023-02-05,67.63,85.8,92.96,87.46
2023-02-06,81.36,75.46,104.35,90.03
2023-02-07,58.94,73.1,115.05,76.3
2023-02-08,61.75,71.85,115.35,78.1
2023-02-09,63.91,83.19,84.34,86.02
2023-02-10,64.71,71.1,97.13,74.72
2023-02-11,59.43,78.68,98.59,75.3
2023-02-12,82.23,72.2,119.1,87.37
2023-02-13,67.41,72.7,107.12,79.77
2023-02-14,73.53,80.15,96.29,86.3
2023-02-15,64.3,73.1,81.04,74.99
2023-02-16,51.79,72.98,102.62,69.45
2023-02-17,72.7,80.66,83.84,84.55
2023-02-18,50.88,82.99,113.38,74.06
2023-02-19,69.31,78.22,110.1,84.5
2023-02-20,56.32,71.73,98.42,74.55
2023-02-21,89.87,72.45,97.17,93.97
2023-02-22,79.11,75.4,115.89,90.98
2023-02-23,71.06,76.6,91.54,84.6
2023-02-24,82.64,70.06,89.96,87.17
2023-02-25,61.54,78.62,117.57,79.81
2023-02-26,75.43,75.43,112.37,85.12
2023-02-27,72,66.42,112.83,80.27
2023-02-28,72.64,70.36,87.81,79.46
2023-03-01,82.72,72.48,85.73,88.66
2023-03-02,77.32,74.64,81.04,85.05
2023-03-03,72.89,84.45,89.48,87.86
2023-03-04,53.45,76.19,110.97,71.32
2023-03-05,60.4,70.8,89.6,76.38
2023-03-06,68.77,76.1,109.16,81.76
2023-03-07,70.93,73.24,90.08,78.66
2023-03-08,58.7,76.62,95.81,74.57
2023-03-09,94.12,77.9,119.33,104.53
2023-03-10,85.16,81.05,89.79,91.72
2023-03-11,76.02,74.88,95.05,84.42
2023-03-12,70.72,83.19,92.04,84.53
2023-03-13,67.88,79.54,84.38,80.68
2023-03-14,60.48,71.46,99.6,73.27
2023-03-15,70.77,86.05,95.15,86.68
2023-03-16,72.58,76.63,107.8,87.13
2023-03-17,57.58,70.82,112.7,74.77
2023-03-18,73.34,83.26,101.77,85.26
2023-03-19,68.45,85.39,81.29,82.67
2023-03-20,50.92,74.83,104.76,69.86
2023-03-21,61.4,72.48,82.22,74.16
2023-03-22,65.86,74.14,104.65,82.3
2023-03-23,88.88,78.57,107.4,95.2
2023-03-24,75.57,81.39,87.91,86.51
2023-03-25,56.65,77.85,112.77,79.96
2023-03-26,74.86,75.51,116.44,88.52
2023-03-27,54.53,82.49,112.52,78.11
2023-03-28,80.83,73.44,92.2,91.01
2023-03-29,65.29,80.15,103.47,82.56
2023-03-30,69.06,73.56,116.59,78.55
2023-03-31,83.26,77.16,92.83,91.77
2023-04-01,57.13,74.43,112.8,72.15
2023-04-02,56.03,74.72,80.38,72.45
2023-04-03,64.16,73.11,80.15,72.33
2023-04-04,80.38,81.72,110.39,91.02
2023-04-05,54.81,71.34,110.46,71.74
2023-04-06,41.68,71.3,111.56,63.14
2023-04-07,65.49,85.6,117.2,84.56
2023-04-08,75.52,79.89,84.72,87.81
2023-04-09,82,63.07,89.28,81.93
2023-04-10,65.37,72.17,116.15,80.8
2023-04-11,65.89,65.94,87.09,72.69
2023-04-12,81.54,70.25,107.29,87.37
2023-04-13,51.3,59.31,101.22,65.27
2023-04-14,66.11,74.32,83.33,75.73
2023-04-15,71.9,69.29,91.41,77.37
2023-04-16,74.49,75.3,100.81,85.88
2023-04-17,64.9,66.87,114.09,79.34
2023-04-18,70.34,75.41,108.3,83.04
2023-04-19,45.12,72.93,104.88,65.82
2023-04-20,63.42,82.51,99.84,81.35
2023-04-21,74.54,82.06,91.95,86.85
2023-04-22,60.18,78.93,84.77,76.64
2023-04-23,70.59,73.37,96.36,76.28
2023-04-24,74.47,84.93,81.14,84.63
2023-04-25,66.57,67.23,88.44,73.99
2023-04-26,71.7,67.98,97.3,80.24
2023-04-27,60.37,74.58,96.74,76.1
2023-04-28,67.93,86.27,81.77,84.72
2023-04-29,76.1,73.99,103.56,86.13
2023-04-30,71.57,74.08,101.99,80.17
2023-05-01,64.13,67.79,83.12,76.8
2023-05-02,72.24,79.73,117.73,89.55
2023-05-03,77.15,79.77,83.98,84.08
2023-05-04,49.5,78.95,114.19,73.36
2023-05-05,81.59,71.85,80.01,84.5
2023-05-06,66.64,71.47,115.29,80.38
2023-05-07,74.25,68.53,80.79,82.15
2023-05-08,81.97,75.42,110.31,94.64
2023-05-09,56.28,69.6,94.47,72.56
2023-05-10,62.91,69.11,109.53,76.93
2023-05-11,67.11,72.88,96.07,78.35
2023-05-12,62.16,72.55,82.84,74.96
2023-05-13,87.35,72.31,110.7,95.12
2023-05-14,61.43,77.33,82.85,75.99
2023-05-15,64.44,75.4,116.88,78.74
2023-05-16,72.04,73.56,82.04,77.61
2023-05-17,57.98,75.92,99.17,76.1
2023-05-18,66.04,70.04,108.92,79.03
2023-05-19,73.17,75.53,95.73,82.4
2023-05-20,66.67,75.75,88.69,81.22
2023-05-21,69.07,67.48,110.36,78.63
2023-05-22,64.71,79.98,111.37,81.69
2023-05-23,54.86,70.59,116.91,72.81
2023-05-24,73.22,75.45,95.05,82.92
2023-05-25,87.55,80.82,100.25,95.35
2023-05-26,70.18,79.63,94.53,85.72
2023-05-27,72.25,75.17,90.28,80.16
2023-05-28,76.93,73.19,110.04,87.42
2023-05-29,57.31,79.74,93.59,75.99
2023-05-30,87.03,78.37,97.13,93.59
2023-05-31,72.02,71.91,96.15,83.33
2023-06-01,86.32,71.03,108.51,91.15
2023-06-02,62.67,64.64,116.71,76.09
2023-06-03,88.18,75.77,106.67,95.31
2023-06-04,77.75,74.59,98.86,85.36
2023-06-05,75.53,80.68,111.17,89.31
2023-06-06,72.34,76.8,105.64,84.19
2023-06-07,67.51,81.67,82.42,81.15
2023-06-08,82.01,71.51,83.83,85.55
2023-06-09,71.4,80.69,81.52,84.21
2023-06-10,50.33,72.36,98.27,69.13
2023-06-11,58.83,78.89,113.03,78.95
2023-06-12,68.14,67.71,92.52,77.18
2023-06-13,73.1,76.18,95.37,80.66
2023-06-14,69.43,65.08,116.38,79.39
2023-06-15,82.19,73.66,113.48,90.25
2023-06-16,50.49,77.2,106.6,72.32
2023-06-17,71.44,72.4,90.67,79.7
2023-06-18,51.82,69.75,84.68,65.07
2023-06-19,77.6,79.23,80.64,87.57
2023-06-20,69.06,74.48,84.28,79.11
2023-06-21,74.2,72.55,91.7,83.05
2023-06-22,61.36,75.21,102.07,76.54
2023-06-23,82.79,88.18,82.56,93.19
2023-06-24,80.42,80.77,85.45,88.21
2023-06-25,75.84,80.81,87.24,84.62
2023-06-26,68.7,77.18,105.28,83.57
2023-06-27,75.8,75.83,104.63,85.07
2023-06-28,62.93,63.02,102.03,73.5
2023-06-29,78.56,71.61,90.02,85.6
2023-06-30,86.49,72.6,94.84,89.24
2023-07-01,80.71,65.63,83.87,80.66
2023-07-02,62.7,69.21,89.06,79.06
2023-07-03,73.61,65.1,115.91,80.74
2023-07-04,57.07,74.81,119.19,77.33
2023-07-05,75.72,79.09,105.91,91.54
2023-07-06,74.51,80.53,116.67,90.16
2023-07-07,51.3,77.07,105.71,71.58
2023-07-08,58.38,70.18,81.33,71.1
2023-07-09,67.17,65.34,119.87,76.76
2023-07-10,66.99,66.22,83.96,76.84
2023-07-11,57.91,68.66,107.31,74.07
2023-07-12,73.89,70.56,90.11,80.54
2023-07-13,72.51,74.2,95.68,80.67
2023-07-14,68.06,69.93,105.84,76.75
2023-07-15,62.44,76.69,97.46,79.86
2023-07-16,80.49,73.84,90.02,87.07
2023-07-17,86.55,75.05,93.38,91.72
2023-07-18,65.16,80.7,93.66,79.1
2023-07-19,63.88,69.1,118.37,74.88
2023-07-20,74.91,77.09,111.94,88.9
2023-07-21,66.42,74.93,98.34,79.74
2023-07-22,68.61,73.33,87.99,81.11
2023-07-23,77.4,79.43,112.44,88.68
2023-07-24,50.91,79.4,86.29,70.46
2023-07-25,83.18,70.27,88.42,88.28
2023-07-26,70.73,74.09,94.64,83
2023-07-27,65.89,76.41,115.21,83.21
2023-07-28,69.11,73.63,85.27,78.85
2023-07-29,69.62,77.93,84.89,82.66
2023-07-30,52.69,76.41,99.76,74.37
2023-07-31,84.95,84.16,91.06,93.53
2023-08-01,70.41,67.35,102.75,78.43
2023-08-02,74.43,74.39,98.07,86.91
2023-08-03,79.52,70.46,97.4,84.33
2023-08-04,59.79,78.02,84.48,76.79
2023-08-05,74.73,66.91,85.64,80.05
2023-08-06,67.32,76.73,112.84,78.68
2023-08-07,78.47,71.85,115.44,89.62
2023-08-08,48.73,71.33,89.39,61.19
2023-08-09,69.01,67.77,84.54,73
2023-08-10,63.97,72.67,82.14,76.72
2023-08-11,74.32,80.42,104.33,88.25
2023-08-12,74.7,74.87,108.61,84.35
2023-08-13,62.92,78.14,94.91,78.79
2023-08-14,62.88,83.32,107.19,76.71
2023-08-15,68.89,76.32,108.52,84.13
2023-08-16,61.03,72.21,117.41,77.74
2023-08-17,78.42,77.34,82.59,86.16
2023-08-18,66.31,72.28,87.69,77.51
2023-08-19,40.93,72.48,82.74,62.81
2023-08-20,66.25,67.4,114.72,78.12
2023-08-21,59.61,79.63,111.7,75.04
2023-08-22,53.69,73.07,102.99,76.13
2023-08-23,57.63,75.91,83.35,75.68
2023-08-24,71.09,69.82,90.93,77.11
2023-08-25,83.29,77.18,91.91,89.35
2023-08-26,73.13,71.19,102.43,82.12
2023-08-27,63.93,74.29,90.32,79.26
2023-08-28,74.56,79.39,82.92,80.47
2023-08-29,65.41,78.95,109.23,80.75
2023-08-30,63.05,74.89,91.96,73.46
2023-08-31,58.46,66.16,98.09,70.78
2023-09-01,52.48,89.96,85.11,75.04
2023-09-02,66.1,83.73,112.1,84.52
2023-09-03,71.58,78.61,102.62,83.44
2023-09-04,69.03,71.23,116.06,80.01
2023-09-05,65.84,74.43,99.82,80.5
2023-09-06,60.54,72.28,117.66,77.91
2023-09-07,76.08,81.32,115.67,90.85
2023-09-08,56.83,76.31,103.06,74.57
2023-09-09,77.76,71.08,117.36,85.68
2023-09-10,59.98,72.65,92.92,74.1
2023-09-11,62.48,80.61,94.63,80.2
2023-09-12,55.33,83,81.82,70.23
2023-09-13,64.99,82.64,103.57,83.2
2023-09-14,79.75,78.79,108.88,90.87
2023-09-15,75.16,73.74,110.94,85.81
2023-09-16,79.78,58.79,85.99,79.68
2023-09-17,75.22,76.49,97.77,80.37
2023-09-18,58.96,74.99,87.07,73.2
2023-09-19,66.69,75.7,106.49,84.52
2023-09-20,62.2,75.27,86.32,76.09
2023-09-21,83.31,68.37,116.17,88.34
2023-09-22,58.03,77.79,89.23,74.89
2023-09-23,78.94,78.16,91.66,88.5
2023-09-24,78.93,78.41,114.04,91.44
2023-09-25,88.3,79.73,98.34,94.25
2023-09-26,65.9,78.02,80.96,79.69
2023-09-27,77.12,72.95,99.78,88.78
2023-09-28,92.82,74.65,83.38,95.9
2023-09-29,63.82,75.46,119.41,85.1
2023-09-30,54.65,75.54,103.52,72.04
2023-10-01,51.2,79.99,90.26,75.09
2023-10-02,77.13,78.22,102.55,86.24
2023-10-03,51.17,85.39,83.07,73.87
2023-10-04,66.28,86.03,112,86.84
2023-10-05,74.37,75.4,117.01,85.46
2023-10-06,71.85,55.82,114.98,77.11
2023-10-07,74.25,81.18,93.67,88.21
2023-10-08,72.22,72.3,93.03,80.13
2023-10-09,82.79,70.99,81.4,89.55
2023-10-10,60.48,73.01,106.06,73.33
2023-10-11,63.23,72.77,101.4,81.07
2023-10-12,62.27,78.06,98.37,80.43
2023-10-13,78.3,67.2,116.31,85.31
2023-10-14,79,69.61,86.72,83.11
2023-10-15,74.51,76.72,80.39,82.42
2023-10-16,81.83,78.11,82.93,88.36
2023-10-17,58.22,78.21,88.93,75.01
2023-10-18,86.67,71.06,81.33,91.07
2023-10-19,85.23,70.11,100.11,93.13
2023-10-20,77.36,72.47,92.56,85.06
2023-10-21,87.82,76.2,87.22,90.2
2023-10-22,53.43,82.43,110,74.94
2023-10-23,64.76,64.76,88.18,73.21
2023-10-24,62.65,73.9,107.5,75.84
2023-10-25,77.21,68.34,93.97,80.7
2023-10-26,59.5,66.74,100.47,76.64
2023-10-27,77.57,79.83,117.35,90.81
2023-10-28,83.71,77.72,81.49,87.8
2023-10-29,76.95,77.25,100.01,88.7
2023-10-30,72.84,79.61,114.18,84.61
2023-10-31,60.12,72.6,103.52,73.27
2023-11-01,61.53,72.84,91.07,73.55
2023-11-02,82.5,85.93,95.91,96.77
2023-11-03,77.79,73.77,107.21,86.4
2023-11-04,69.61,78.68,115.63,79.92
2023-11-05,65.82,75.03,81.64,80.09
2023-11-06,49.74,65.76,82.86,63.82
2023-11-07,59.29,64.78,93,67.09
2023-11-08,89.11,72.11,89.31,90.61
2023-11-09,57.2,80.28,90.6,76.53
2023-11-10,71.89,78.94,88.85,84.4
2023-11-11,80.07,79.57,87.83,92.25
2023-11-12,57.45,70.06,85.22,69.31
2023-11-13,71.85,83.08,117.36,88.17
2023-11-14,79.38,70.18,85.77,82.88
2023-11-15,70.12,76.06,88.18,78.23
2023-11-16,98.68,74.95,89.85,99.94
2023-11-17,53.31,74.13,117.32,74.3
2023-11-18,80.59,81.69,110.23,92.62
2023-11-19,68.27,71.47,111.59,81.56
2023-11-20,77.72,68.25,84.19,80.98
2023-11-21,74.41,75.1,113.45,84.02
2023-11-22,62.67,73,96.33,76.51
2023-11-23,72.29,91.89,90.51,91.5
2023-11-24,51.42,78.38,103.03,75.72
2023-11-25,76.03,72.95,112.89,87.68
2023-11-26,72.98,69.72,111.15,82.85
2023-11-27,76.39,65.6,115.6,84.17
2023-11-28,80.58,69.87,117.13,88.03
2023-11-29,73.68,75.57,89.52,81.34
2023-11-30,71.48,82.14,96.95,85.49
2023-12-01,61.19,80.61,80.59,74.35
2023-12-02,62.88,76.15,115.17,79.46
2023-12-03,81.87,73.38,86.18,90.36
2023-12-04,84.36,76.34,114.46,94.24
2023-12-05,67.62,72.41,93.18,77.01
2023-12-06,70.46,83.59,94.73,85.04
2023-12-07,60.95,74.05,81.57,72.68
2023-12-08,81.73,74.57,93.08,88.05
2023-12-09,76.65,63.92,115.53,85.19
2023-12-10,89.41,74.02,81.02,92.66
2023-12-11,61.22,79.18,96.25,83
2023-12-12,66.22,69.66,81.26,78.11
2023-12-13,72.31,71.25,94.84,81.78
2023-12-14,76.46,78.96,86.91,87.51
2023-12-15,67.84,67.62,90.09,76.36
2023-12-16,61.27,80.29,115.1,78.13
2023-12-17,78.81,72.34,97.44,88.58
2023-12-18,77.21,73.06,90.95,86.66
2023-12-19,60.84,69.38,103.57,74.13
2023-12-20,83.55,76.89,85.68,90
2023-12-21,81.7,87.3,90.38,95.46
2023-12-22,71.34,78.91,101.85,86.25
2023-12-23,70.8,70.68,89.5,76.78
2023-12-24,75.54,80.68,107.17,88.8
2023-12-25,61.38,73.42,99.66,75.83
2023-12-26,70.3,81.87,110.88,88.24
2023-12-27,48.48,79.03,117.93,74.56
2023-12-28,78.76,60.28,84.63,82.47
2023-12-29,54.39,69.98,93.39,67.73
2023-12-30,85.03,79.72,92.78,90.62
2023-12-31,66.7,75.76,86.05,81.16
2024-01-01,67.88,69.88,112.41,78.74
2024-01-02,63.72,71.83,110.4,74.96
2024-01-03,67.12,65.47,99.38,77.46
2024-01-04,84.19,74.56,101.51,89.39
2024-01-05,45.12,86.05,82.38,73.31
2024-01-06,82.77,79.02,102.22,92.08
2024-01-07,73.38,85.95,111.65,89.89
2024-01-08,57.93,79.41,102.95,76.08
2024-01-09,59.25,80.14,90.61,79.85
2024-01-10,86.76,84.87,106.7,97.39
2024-01-11,60.54,76.89,94.46,75.71
2024-01-12,58.47,74.06,101.79,73.3
2024-01-13,81.37,80.16,99.5,90.69
2024-01-14,73.39,82.27,95.25,84.51
2024-01-15,60.62,72.6,108.76,78.35
2024-01-16,72.17,71.39,115.36,79.78
2024-01-17,59.74,75.69,80.21,73.86
2024-01-18,81.01,79.16,117.34,93.22
2024-01-19,80.61,78.99,100.46,90.69
2024-01-20,75.32,67.88,108.03,81.71
2024-01-21,73.62,84.56,114.22,90.74
2024-01-22,87.61,71.79,98.68,89.38
2024-01-23,70,73.67,113.4,82.76
2024-01-24,58.18,70.49,87.1,73.12
2024-01-25,74.49,88.49,86.37,89.65
2024-01-26,90.86,76.21,106.3,94.28
2024-01-27,59.85,70.75,114.81,78.09
2024-01-28,66.39,79.32,115.7,83.31
2024-01-29,74.16,78.85,105.75,88.1
2024-01-30,69.46,74.06,101.02,84.46
2024-01-31,60.18,79.2,93.26,79.35
2024-02-01,81.22,70.87,119.2,91.24
2024-02-02,93.2,72.54,92.79,94.6
2024-02-03,71.96,64.95,109.77,81.72
2024-02-04,60.96,68.38,101.28,74.48
2024-02-05,54.51,84.04,104.34,74.34
2024-02-06,72.58,83.21,95.74,87.01
2024-02-07,81.04,75.33,118.59,91.13
2024-02-08,74.75,83.31,102.87,89.63
2024-02-09,69.98,74.2,117.51,83.16
2024-02-10,64.11,73.78,80.3,74.49
2024-02-11,59.08,75.28,102.91,77.16
2024-02-12,78.35,74.38,108.69,85
2024-02-13,79.14,73.92,109.8,90.95
2024-02-14,54.54,80.72,116.2,76.17
2024-02-15,85.9,75.75,80.18,90.35
2024-02-16,75.74,78.56,80.01,85.99
2024-02-17,84,80.16,98.89,93.53
2024-02-18,56.58,76.94,81.17,70.02
2024-02-19,56.34,70.15,118.98,75.41
2024-02-20,68.51,68.24,88.88,77.9
2024-02-21,75.03,75.74,98.91,83.93
2024-02-22,87.96,74.14,82.45,89.18
2024-02-23,77.06,75.44,100.88,85.83
2024-02-24,67.57,74.92,95.2,77.43
2024-02-25,59.74,87.92,81.79,82.64
2024-02-26,82.3,68.35,93.4,89.03
2024-02-27,60.35,65.05,95.66,72.7
2024-02-28,86.28,76.66,119.6,93.95
2024-02-29,67.16,73.12,88.32,77.98
2024-03-01,85.91,76.58,101.79,93.87
2024-03-02,76.79,77.92,119.49,92.71
2024-03-03,68.63,81.42,111.68,83.77
2024-03-04,64.81,67.46,119.73,75.61
2024-03-05,66.59,72.22,118.73,83.81
2024-03-06,74.28,77.14,99.58,81.81
2024-03-07,70.77,78.85,107.86,82.77
2024-03-08,64.06,85.97,84.42,80.77
2024-03-09,68.34,79.78,97.65,79.56
2024-03-10,70.79,74.72,112.36,85.82
2024-03-11,48.71,70.55,100.21,69.18
2024-03-12,74.58,72.18,108.11,83.28
2024-03-13,60.2,72.04,109.83,78.48
2024-03-14,58.47,78.28,90.14,78.31
2024-03-15,53.13,76.28,115.03,73.67
2024-03-16,52.06,68.38,98.39,67.53
2024-03-17,56.45,72.82,88.41,76.36
2024-03-18,62.91,79.39,114.62,82.41
2024-03-19,89.53,76.76,96.71,94.61
2024-03-20,64.74,77.84,110.01,83.71
2024-03-21,71.78,76.91,101.92,84.63
2024-03-22,74,83.13,95.27,86.17
2024-03-23,71.31,76.18,112.4,84.66
2024-03-24,69.23,73.07,103.38,83.18
2024-03-25,58.05,70.42,95.62,68.58
2024-03-26,84.51,76.25,84.38,89.07
2024-03-27,88.07,62.8,115.82,92.31
2024-03-28,53.17,74.08,81.42,68.65
2024-03-29,59.76,73.97,114.53,79.99
2024-03-30,67.2,68.18,94.4,79.86
2024-03-31,60.35,70.36,105.57,74.78
2024-04-01,75.06,79.05,116.89,87.21
2024-04-02,62.72,76.15,86.07,76.12
2024-04-03,91.65,75.51,102.68,100.79
2024-04-04,81.91,76.53,110.58,94.56
2024-04-05,72.13,75.46,110.3,84.74
2024-04-06,80.27,81.21,101.03,89.53
2024-04-07,81.06,75.62,104.99,89.62
2024-04-08,64.36,67.71,110.3,77.22
2024-04-09,61.84,83.15,113.64,79.24
2024-04-10,70.78,76.85,110.47,84.42
2024-04-11,78.62,72.05,94.16,88.05
2024-04-12,71.39,68.73,119.87,78.71
2024-04-13,54.23,76.98,97.38,74.72
2024-04-14,61.97,74.41,80.98,77.79
2024-04-15,69.26,82.87,94.5,83.03
2024-04-16,69.24,73.27,85.11,82.75
2024-04-17,89.73,70.81,84.86,89.27
2024-04-18,56.14,79.48,91.26,75.48
2024-04-19,75.06,79.63,82.14,84.49
2024-04-20,84.89,75.84,107.54,91.41
2024-04-21,92.71,78.38,82.96,94.04
2024-04-22,65.96,74.81,88.13,79.71
2024-04-23,74.91,76.17,83.72,85.48
2024-04-24,75.7,80.82,82.53,85.87
2024-04-25,71.95,78.13,90.71,80.77
2024-04-26,69.01,74.15,102.88,82.16
2024-04-27,74.36,81.76,118.59,90.02
2024-04-28,44.68,63.18,115.02,63.15
2024-04-29,76.82,85.26,115.04,95.43
2024-04-30,71.26,66.47,87.04,74.92
2024-05-01,67.78,71.86,90.6,74.04
2024-05-02,90.47,74.8,83.06,91.05
2024-05-03,63.25,74.27,111.14,80.19
2024-05-04,65.97,80.03,82.79,77.76
2024-05-05,89.92,69.71,102.27,90.1
2024-05-06,61.68,76.3,89.92,78.42
2024-05-07,64.5,72.11,89.74,77.44
2024-05-08,68.53,76.48,119.63,84.43
2024-05-09,78.41,74.68,110.27,89.51
2024-05-10,72.08,75.46,113.48,83.93
2024-05-11,57.07,72.25,102.88,72.67
2024-05-12,64.68,72.45,114.84,80.89
2024-05-13,63.93,76.44,105.82,76.83
2024-05-14,69.23,79.72,117.85,80.93
2024-05-15,74.26,72.01,91.25,81.62
2024-05-16,74.18,70.66,103.81,85.01
2024-05-17,52.24,78.07,107.61,73.84
2024-05-18,80.64,74.84,95.72,89.61
2024-05-19,72.53,79.15,115.19,82.66
2024-05-20,83.85,70.47,119.19,91.05
2024-05-21,74.44,66.1,99.75,82.39
2024-05-22,81.01,72.33,95.63,84.4
2024-05-23,74.67,71.17,98.88,84.88
2024-05-24,83.46,74.61,114.11,91.11
2024-05-25,75.22,71.82,105.82,90.58
2024-05-26,69.02,78.71,81.79,76.72
2024-05-27,92.72,73.56,101.69,97.96
2024-05-28,78.89,75.75,80.69,84.91
2024-05-29,75.74,75.79,111.14,83.64
2024-05-30,57.24,75.97,93.13,72.99
2024-05-31,57.12,74.88,98.88,74.67
2024-06-01,72.93,77.55,111.95,88.05
2024-06-02,71.46,71.02,81.86,82.91
2024-06-03,63.86,82,86.34,82.59
2024-06-04,71.41,73.82,95.92,80.04
2024-06-05,85.89,68.44,89.2,90.09
2024-06-06,76.95,75.94,93.52,86.68
2024-06-07,58.59,70.74,119.93,74.13
2024-06-08,68.88,78.33,113.02,83.54
2024-06-09,61.95,86.05,115.36,81.71
2024-06-10,66.12,71.07,117.48,79.92
2024-06-11,65.86,76.66,93.64,78.08
2024-06-12,65.22,66.22,91.88,72.75
2024-06-13,57.45,77.27,89.36,75.27
2024-06-14,68.72,70.57,113.2,82.04
2024-06-15,64.39,71.88,107.18,77.73
2024-06-16,40.71,69.49,89.45,63.9
2024-06-17,90.53,78.66,95.08,94.77
2024-06-18,80.89,80.04,100.27,89.97
2024-06-19,66.24,75.12,101.13,81.23
2024-06-20,70.19,70.68,115.55,81.68
2024-06-21,58.28,82.95,95.22,77.84
2024-06-22,86.96,71.25,116.34,87.27
2024-06-23,88.97,64.19,97.65,88.86
2024-06-24,71.57,77.29,109.85,81.19
2024-06-25,80.24,69.48,117.21,85.22
2024-06-26,71.75,79.94,116.3,83.99
2024-06-27,56.63,73.09,82.28,69.36
2024-06-28,65.88,78.02,88.23,78.46
2024-06-29,71.32,82.01,99.08,84.53
2024-06-30,65.45,68.96,97.26,77.91
2024-07-01,67.81,72.17,105.64,80.56
2024-07-02,69.09,74.62,117.79,79.28
2024-07-03,69.19,82.69,84.5,83.21
2024-07-04,70.52,71.71,98.07,81.44
2024-07-05,59.39,72.03,87.7,72.56
2024-07-06,62.83,77.39,115.76,80.11
2024-07-07,57.15,72.11,118.58,75.37
2024-07-08,79.78,75.76,99.15,89.62
2024-07-09,48.94,67.24,84.16,61.53
2024-07-10,81.54,86.07,111.41,94
2024-07-11,83.86,68.26,107.89,91.43
2024-07-12,66.98,73.39,94.19,81.8
2024-07-13,43.97,74.84,115.5,69.57
2024-07-14,66.39,84.56,119.03,86.63
2024-07-15,69.36,68.38,102.31,82.51
2024-07-16,59.89,84.92,102.63,84
2024-07-17,64.85,78.79,91.9,79.36
2024-07-18,85.3,77.09,103.38,90.42
2024-07-19,76.65,70.08,97.59,83.24
2024-07-20,60.75,77.86,92.09,83
2024-07-21,54.02,71.38,82.69,66.09
2024-07-22,66.73,81.33,90.11,80.64
2024-07-23,67.87,70.14,87.91,74.74
2024-07-24,74.96,74.43,101.68,85.17
2024-07-25,64.65,72.22,104.07,75.68
2024-07-26,75.11,70.06,104.34,83.31
2024-07-27,89.35,78.71,95.53,90.75
2024-07-28,78.16,77.68,96.85,88.89
2024-07-29,69.52,81.05,113.37,87.91
2024-07-30,68.17,66.1,99.05,76.48
2024-07-31,66.43,80.32,119.51,83.67
2024-08-01,81.81,87.53,97.58,93.53
2024-08-02,63.73,72.74,105.98,78.29
2024-08-03,70.45,84.48,82.01,84.19
2024-08-04,70.51,73.68,106.13,83.93
2024-08-05,64.98,68.14,114.06,80.12
2024-08-06,56.28,73.47,117.7,73.3
2024-08-07,73.23,80.24,119.89,87.4
2024-08-08,69.39,70.81,91.29,80.89
2024-08-09,75,72,103.01,81.26
2024-08-10,64.66,77.97,98.03,75.85
2024-08-11,82.21,75.02,102.55,90.04
2024-08-12,61.23,77.92,86.3,77.53
2024-08-13,87.12,76.19,114.25,92.73
2024-08-14,52.52,77.4,116.38,72.95
2024-08-15,74.35,72.84,97.99,82.02
2024-08-16,74.75,76.16,91.22,82.7
2024-08-17,62.04,70.36,85.63,75.32
2024-08-18,74.24,81.44,107.35,85.49
2024-08-19,82.8,71.83,92.49,87.13
2024-08-20,47.83,80.64,116.38,70.78
2024-08-21,75.03,73.83,106.84,82.32
2024-08-22,45.07,76.01,105.83,69.77
2024-08-23,60.34,72.53,102.38,74.41
2024-08-24,86.29,69.92,81.83,88.3
2024-08-25,64.18,66.28,117.28,73.73
2024-08-26,58.26,69.72,105.12,71.87
2024-08-27,68.02,73.38,119.76,83.65
2024-08-28,90.68,76.06,101.49,100.16
2024-08-29,51.68,80.05,108.4,69.92
2024-08-30,59.49,72.77,82.25,72.62
2024-08-31,84.97,70.59,105.27,90.57
2024-09-01,88.58,67.79,110.59,90.09
2024-09-02,68.97,77.4,111.14,85.16
2024-09-03,57.61,81.92,110.8,76.68
2024-09-04,90.96,81.33,89.05,96.32
2024-09-05,85.94,78.55,119.02,93.84
2024-09-06,76.79,78.19,119.81,91.77
2024-09-07,61.88,83.49,83.02,77.47
2024-09-08,69.51,76.66,117.46,83.41
2024-09-09,68.4,78.23,91.58,83.38
2024-09-10,73.31,73.4,107.57,82.05
2024-09-11,84.51,68.19,93.52,87.47
2024-09-12,78.79,71.58,118.71,84.13
2024-09-13,59.23,74.95,84.06,71.75
2024-09-14,83.76,75.3,99.91,91.13
2024-09-15,73.13,84.63,97.12,85.46
2024-09-16,76.87,75.41,93.04,84.5
2024-09-17,84.67,80.89,105.82,94.73
2024-09-18,58.88,72.82,85.24,71.82
2024-09-19,69.64,73.44,108.67,83.67
2024-09-20,64.69,68.35,119.22,78.51
2024-09-21,54.32,71.29,112.18,73.2
2024-09-22,73.47,77.63,114.4,89.06
2024-09-23,95.12,75.04,94.39,97.17
2024-09-24,51.6,79.71,93,75.22
2024-09-25,69.68,75.91,100.68,84.06
2024-09-26,76.41,73.24,81.83,82.28
2024-09-27,71.23,85.74,117.81,91.4
2024-09-28,68.87,74.53,85.75,80.24
2024-09-29,57.01,80.82,116.12,77.36
2024-09-30,72.33,72.99,83.34,81.48
2024-10-01,62.43,78.55,112.9,82.39
2024-10-02,48.1,79.64,86.08,70.23
2024-10-03,81.95,76.04,81.53,91.38
2024-10-04,79.58,63.23,108.78,86.09
2024-10-05,70.52,75.09,91.21,82.52
2024-10-06,72.29,81.15,108.58,84.64
2024-10-07,80.74,77.64,102.2,89.36
2024-10-08,72.24,77.23,84.35,82.81
2024-10-09,79.04,66.39,117.29,87.1
2024-10-10,67.03,71.4,98.09,79.86
2024-10-11,83.12,77.06,109.38,91.97
2024-10-12,73.21,77.05,100.04,84.99
2024-10-13,71.94,81.07,104.17,87.45
2024-10-14,57.3,74.28,92.11,71.59
2024-10-15,72.87,77.03,88.01,86.73
2024-10-16,61.68,75.08,101.7,73.12
2024-10-17,63.62,70.07,97.61,78.87
2024-10-18,61.85,63.72,95.6,72.07
2024-10-19,59.34,77.16,106.9,79.16
2024-10-20,91.25,75.87,107.62,96.59
2024-10-21,83.31,71.91,81.84,87.63
2024-10-22,89.2,66.9,93.55,90.74
2024-10-23,57.77,78.15,96.47,77.19
2024-10-24,70.71,73.67,83.88,79.62
2024-10-25,57.06,77.78,89.44,76.36
2024-10-26,63.04,84.32,82.07,77.59
2024-10-27,60.82,64.29,119.85,74.18
2024-10-28,82.4,71.5,109.46,90.66
2024-10-29,66.04,73.95,83.5,79.54
2024-10-30,80.68,82.27,80.81,90.32
2024-10-31,76.04,66.82,108.77,82.44
2024-11-01,93.04,84.68,97.57,101.25
2024-11-02,55.21,75.68,111.47,73.21
2024-11-03,82.59,74.52,116.94,94.56
2024-11-04,81.46,74.01,103.97,88.71
2024-11-05,60.27,72.82,87.48,70.96
2024-11-06,80.07,80.24,111.29,88.88
2024-11-07,73.36,69.66,118.23,83.79
2024-11-08,67.73,76.73,103.21,81.93
2024-11-09,61.76,73.08,107.28,80.96
2024-11-10,62.81,71.19,93.5,73.44
2024-11-11,90.5,87.93,95.26,99.08
2024-11-12,70.01,77.1,109.39,81.67
2024-11-13,77.82,78.07,117.11,88.65
2024-11-14,62.09,80.69,105.16,83.41
2024-11-15,62.2,67.89,111.59,73.36
2024-11-16,80.82,83.76,86.87,91.86
2024-11-17,56.5,62.46,88.48,68.52
2024-11-18,65.85,71.16,101.28,78.05
2024-11-19,70.34,72.7,87.06,81.03
2024-11-20,71.11,77.91,105.4,82.05
2024-11-21,68.21,76.09,91.67,83.84
2024-11-22,73.96,74.17,111.66,89.06
2024-11-23,76.93,74.94,112.32,87.46
2024-11-24,77.35,70.11,98.55,89.16
2024-11-25,60.14,67.51,87.23,71.01
2024-11-26,67.16,78.63,105.87,83.14
2024-11-27,81.95,78.47,119.71,95.39
2024-11-28,78.95,82.92,104.9,90.11
2024-11-29,56.27,71.05,81.43,67.56
2024-11-30,73.51,78.46,80.69,80.34
2024-12-01,50.22,73.58,92.81,72.97
2024-12-02,70.47,80.95,87.83,82.39
2024-12-03,88.98,80.11,112.52,96.31
2024-12-04,60.52,76.06,113.79,75.89
2024-12-05,61.66,73.3,90.34,77.25
2024-12-06,77.64,79.8,93.03,86.24
2024-12-07,54.57,78.23,89.45,72
2024-12-08,63.67,71.58,116.34,79.07
2024-12-09,75.96,68.36,100.11,80.8
2024-12-10,63.66,73.56,106.25,77.89
2024-12-11,67.64,82.58,96.62,86.08
2024-12-12,77.44,80.73,105.24,90.14
2024-12-13,74.22,69.44,95.43,82.11
2024-12-14,72.67,69.16,93.59,81.05
2024-12-15,66.61,81.37,105.38,82.27
2024-12-16,73.7,69.32,103.64,86.3
2024-12-17,68.76,77.55,91.74,79.83
2024-12-18,74.58,71.92,85.97,82.53
2024-12-19,65.03,83.09,94.74,81.96
2024-12-20,68.17,71.15,96.61,81.04
2024-12-21,60.1,80.72,105.15,81.07
2024-12-22,69.65,75.92,116.58,83.75
2024-12-23,61.89,76.26,81.45,76.36
2024-12-24,58.86,65.15,89.75,71.01
2024-12-25,72.59,63.99,87.75,73.38
2024-12-26,72.13,73.9,100.09,79.67
2024-12-27,77.83,76.23,97.19,85.7
2024-12-28,65.69,69.37,109.16,76.95
2024-12-29,74.08,69.56,89.7,78.84
2024-12-30,75.51,77.81,103.78,88.31
2024-12-31,74.45,77.81,115.35,87.33
2025-01-01,61.74,74.31,116.43,77.98
2025-01-02,71.49,78.9,118.35,83.78
2025-01-03,73.64,69.13,110.93,82.84
2025-01-04,70.07,73.22,116.24,77.7
2025-01-05,49.14,83.24,89.38,71.39
2025-01-06,71.6,75.34,87.9,82.01
2025-01-07,92.13,75.63,80.26,94.04
2025-01-08,66.4,86.53,108.27,82.15
2025-01-09,62.72,68,117.5,77.03
2025-01-10,73.73,78.98,87.48,82.5
2025-01-11,73.12,83.32,105.48,86.12
2025-01-12,81.93,73.38,109.86,90.93
2025-01-13,57.42,79.3,117.1,81.91
2025-01-14,77.31,70.09,105.87,85.11
2025-01-15,75.9,71.57,118.81,84.41
2025-01-16,68.58,76.92,93.79,81.67
2025-01-17,73.39,78.99,94,86.91
2025-01-18,80.29,80.6,101.72,91.83
2025-01-19,78.72,82.85,95.34,95.39
2025-01-20,58.57,74.66,80.06,71.58
2025-01-21,78.2,80.97,109.27,90.74
2025-01-22,69.35,73.29,110.07,85.03
2025-01-23,70.73,79.51,109.88,88.2
2025-01-24,70.73,76.04,93.8,78.33
2025-01-25,68.5,77.23,100.89,82.07
2025-01-26,81.92,77.12,94.4,92.41
2025-01-27,69.16,66.98,80.64,82.13
2025-01-28,58.8,69.38,102.5,74.69
2025-01-29,66.06,75.51,84.95,77.6
2025-01-30,71.79,66.56,83.2,76
2025-01-31,82.29,79.16,110.22,96.5
2025-02-01,76.03,79.36,80.38,86.86
2025-02-02,61.49,76.64,118.36,77.69
2025-02-03,94.85,69.39,100.61,94.32
2025-02-04,72.65,81.9,119.32,88.9
2025-02-05,82.75,85.19,82.32,93.05
2025-02-06,68.48,75.74,103.34,79.92
2025-02-07,75.33,77.55,93.97,84.39
2025-02-08,78.39,76.01,113.74,85.51
2025-02-09,82.18,77.65,94.45,91.89
2025-02-10,80.57,74.4,90.42,86.46
2025-02-11,78.72,74.83,114.3,89.53
2025-02-12,66.85,79.53,94.99,84.27
2025-02-13,64.28,86.73,80.67,81.77
2025-02-14,73.33,68,95.61,80.53
2025-02-15,79.33,74.48,106.18,88.4
2025-02-16,67.77,69.1,90.17,77.45
2025-02-17,80.65,82.96,97.28,93.79
2025-02-18,84.53,72.06,82.27,88.39
2025-02-19,60.84,67.78,103.52,72.88
2025-02-20,61.63,78.19,110.25,81.37
2025-02-21,68.6,83.72,96.53,86.76
2025-02-22,73.08,78.32,96.81,82.18
2025-02-23,64.75,76.02,83.53,80.68
2025-02-24,83.52,77.05,88.08,90.47
2025-02-25,74.24,82.07,86.19,86.56
2025-02-26,70.39,70.63,99.27,82.43
2025-02-27,55.64,74.44,101.17,72.14
2025-02-28,56.84,72.74,117.96,76.9
2025-03-01,72.81,69.16,82.93,78.89
2025-03-02,48.67,73.36,103.99,66
2025-03-03,80.13,80.54,101.06,88.4
2025-03-04,68.42,77.83,100.65,83.38
2025-03-05,102.43,78.22,114.93,102.35
2025-03-06,93.08,75.73,88.22,98.18
2025-03-07,68.19,77.62,81.63,82.5
2025-03-08,68.94,71,106.89,83.12
2025-03-09,79.96,73.45,93.81,86.99
2025-03-10,87.03,75.96,80.7,91.19
2025-03-11,53.62,76.39,90.05,69.35
2025-03-12,52.14,76.6,92.37,73.15
2025-03-13,63.78,74.31,104.67,79.22
2025-03-14,75.83,73.11,86.9,84.57
2025-03-15,74.97,90.79,96.52,94.33
2025-03-16,80.7,79.53,99.3,88.95
2025-03-17,58,77.07,98.37,75.21
2025-03-18,46.84,73.83,118.96,70.19
2025-03-19,78.58,72.74,81.82,82.56
2025-03-20,61.72,74.35,118.04,78.2
2025-03-21,49.82,76.46,103.28,71.79
2025-03-22,71.45,65.6,111.83,79.64
2025-03-23,77.93,67.15,97.22,85.96
2025-03-24,68.78,71.82,98.15,76.79
2025-03-25,65.42,76.04,115.17,83.43
2025-03-26,68.41,73.8,115.84,83.47
2025-03-27,66.29,82.39,89.55,80.55
2025-03-28,56.52,67.59,87.97,67.9
2025-03-29,62.85,71.24,99.85,72.03
2025-03-30,75.21,82.6,116.01,88.18
2025-03-31,73.22,75.66,92.89,85.58
2025-04-01,71.68,79.42,106.08,85.27
2025-04-02,60.05,85.26,108.33,83.29
2025-04-03,68.18,71.53,111.15,79.4
2025-04-04,48.23,74.5,102.56,70.41
2025-04-05,71.78,73.64,96.1,80.7
2025-04-06,84.29,65.23,118.68,86.6
2025-04-07,55.26,73.45,104.45,72.77
2025-04-08,64.14,79.41,109.14,79.83
2025-04-09,73.29,77.7,93.8,81.35
2025-04-10,82.53,78.1,106.8,91.07
2025-04-11,65.52,73.12,90.31,77.8
2025-04-12,63.08,71.72,89.8,78.05
2025-04-13,50.31,81.35,108.59,75.46
2025-04-14,71.03,72.51,100.86,84.15
2025-04-15,90.42,76.47,107.33,97.01
2025-04-16,72.77,75.82,90.78,83.73
2025-04-17,69.78,82.31,103.95,82.73
2025-04-18,73.22,79.86,97.76,85.95
2025-04-19,69.89,68.52,103.88,80.92
2025-04-20,61.87,69.06,91.64,76.82
2025-04-21,78.23,77.89,108.62,90.33
2025-04-22,72.26,74.68,112.24,86.93
2025-04-23,70.18,72.72,90.4,78.17
2025-04-24,60.25,80.08,92.02,76.73
2025-04-25,83.04,75.94,106.45,91.7
2025-04-26,76.65,75.26,107.82,89.2
2025-04-27,64.47,78.9,108.16,80.77
2025-04-28,80.02,73.12,107.31,87.83
2025-04-29,65.02,82.84,95.71,83.09
2025-04-30,62.18,71.06,95.79,73.06
2025-05-01,62.4,78.28,90.19,80.99
2025-05-02,52.29,82.17,86.27,71.11
2025-05-03,74.72,68.11,107.7,79.01
2025-05-04,51.69,73.28,83.73,68.72
2025-05-05,57.72,80.71,117.51,82.06
2025-05-06,49.24,80.79,113.07,74.34
2025-05-07,69.14,74.14,114.3,84.07
2025-05-08,68.5,71.33,116.27,81.34
2025-05-09,66.73,79.78,96.34,81.28
2025-05-10,59.57,80.92,113.87,76.41
2025-05-11,58.28,69.18,86.32,66.75
2025-05-12,74.64,68.98,80.87,80.86
2025-05-13,64.49,76.13,111.4,82.91
2025-05-14,73.16,78.15,82.99,84.14
2025-05-15,61.15,73.5,119.54,79.29
2025-05-16,71.81,78.4,106.99,88.31
2025-05-17,83.03,71.45,110.14,90.07
2025-05-18,75.86,64.43,89.83,80.03
2025-05-19,65.88,72.88,106.95,77.74
2025-05-20,72.57,75.32,81.73,85.89
2025-05-21,67.59,73.62,113.51,82.41
2025-05-22,70.08,69.21,86.78,76.52
2025-05-23,66.74,65.92,107.89,74.86
2025-05-24,68.36,72.43,88.98,81.39
2025-05-25,72.12,79.49,82.74,81.27
2025-05-26,60.07,81.28,99.26,82.19
2025-05-27,59.84,80.94,86.77,71.44
2025-05-28,56.11,70.92,109.18,75.8
2025-05-29,54,69.23,89.5,70.02
2025-05-30,57.83,77.48,93.7,75.3
2025-05-31,71.59,78.18,102.7,84.15
2025-06-01,61.07,77,91.4,80.36
2025-06-02,75.14,64.93,95.12,81.98
2025-06-03,70.35,70.67,112.62,79.93
2025-06-04,50.31,74.85,87.17,65.41
2025-06-05,76.55,77.44,83.29,85.59
2025-06-06,78.11,78.84,93.13,87.71
2025-06-07,60.06,75.72,96.98,72.98
2025-06-08,74.2,76.65,101.71,85.24
2025-06-09,61.44,75.42,94.9,75.37
2025-06-10,70.98,78.43,111.6,85.14
2025-06-11,57.36,76.56,81.57,74.65
2025-06-12,52.07,75.33,97.27,74.09
2025-06-13,66.17,73.66,95.29,80.51
2025-06-14,68.76,75.41,105.9,80.57
2025-06-15,66.02,77.42,118.65,83.18
2025-06-16,58.16,76.34,100.42,75.6
2025-06-17,66,76.9,119.48,79.64
2025-06-18,72.69,81.71,92.09,86.3
2025-06-19,69.55,76.33,81.23,84.1
2025-06-20,71.83,71.76,86.63,80.53
2025-06-21,63.3,79.42,95.8,76.14
2025-06-22,81.72,68.17,92.65,85.63
2025-06-23,58.24,69.59,83.88,68.74
2025-06-24,74.88,76.68,97.31,87.06
2025-06-25,81.82,77.58,93.52,90.53
2025-06-26,74.81,68.77,84.9,80.54
2025-06-27,67.97,73.09,91.84,78.54
2025-06-28,64.72,71.97,115.46,78.74
2025-06-29,80.36,72.57,92.08,86.47
2025-06-30,55.77,79.72,108.56,74.66
2025-07-01,60.3,78.53,104.48,75.26
2025-07-02,66.02,74.9,97.09,81.56
2025-07-03,82.38,72.27,89.56,86.52
2025-07-04,73.8,68.25,94.76,81.39
2025-07-05,60.32,82.1,103.68,79.97
2025-07-06,66.9,77.96,94.03,81.37
2025-07-07,63.86,71.47,88.6,73.42
2025-07-08,62.9,78.6,84.66,74.29
2025-07-09,79.79,74.65,115.19,88.08
2025-07-10,56.28,73.56,97.61,73.74
2025-07-11,86.09,77.18,105.01,91.57
2025-07-12,78.28,71.29,99.62,84.74
2025-07-13,80.91,73.28,114.9,93.6
2025-07-14,65.37,75.61,101.88,75.96
2025-07-15,68.5,72.5,99.23,78.51
2025-07-16,55.67,78.35,116.98,80.23
2025-07-17,64.75,84.35,108.79,83.38
2025-07-18,74.94,71.23,84.46,80.49
2025-07-19,82.96,66.67,87.11,87.49
2025-07-20,58.93,64.99,111.48,72.61
2025-07-21,66.34,74.25,113.43,80.15
2025-07-22,68.49,71.68,101.81,80.33
2025-07-23,56.04,76.04,102.18,72.94
2025-07-24,75.91,75.66,105.28,84.3
2025-07-25,62.76,66.98,97.56,73.98
2025-07-26,68.05,65.93,107.21,75.9
2025-07-27,65.48,76.48,84.34,78.34
2025-07-28,62.11,75.68,118.45,80.09
2025-07-29,69.93,72.87,110.01,83.81
2025-07-30,67.84,66.71,105.25,80.17
2025-07-31,66.28,77.36,92.65,79.17
2025-08-01,62.72,81.36,86.44,79.82
2025-08-02,73.2,76.39,96.37,85.1
2025-08-03,86.54,70.76,106.46,91.53
2025-08-04,71.4,75.22,105.35,82.5
2025-08-05,79.96,68.17,95.31,82.72
2025-08-06,56.1,80.29,104.53,77.23
2025-08-07,71.58,75.41,112.55,80.95
2025-08-08,59.03,66.16,81.05,69.45
2025-08-09,55.23,73.5,98.02,67.23
2025-08-10,62.61,77.32,110.34,76.86
2025-08-11,81.92,73.33,101.85,86.91
2025-08-12,79.5,73.62,106.06,89.95
2025-08-13,72.43,68.88,100.67,82.45
2025-08-14,54.67,77.83,119.67,74.79
2025-08-15,68.04,71.76,82.18,79.2
2025-08-16,73.02,64.22,99.64,81.24
2025-08-17,71.76,73.14,83.66,80.36
2025-08-18,51.56,79.91,86.39,68.77
2025-08-19,61.1,73.07,95.32,75
2025-08-20,69.36,83.69,86.22,83.52
2025-08-21,75.36,77.14,118.55,85.46
2025-08-22,48.04,76.69,117.87,72.02
2025-08-23,68.38,74.36,93.44,80.68
2025-08-24,71.43,74.66,105.59,84.17
2025-08-25,78.5,73.68,101.35,87.26
2025-08-26,76.93,73.49,112.62,88.28
2025-08-27,75.83,77.65,105.1,86.71
2025-08-28,62,70.32,80.01,73.73
2025-08-29,50.92,69.62,110.53,68.66
2025-08-30,66.07,69.38,109.87,77.21
2025-08-31,80.02,85.23,100.39,94.82
2025-09-01,83.93,77.65,116.12,88.94
2025-09-02,77.11,76.52,116.34,90.26
2025-09-03,74.29,69.71,100.96,81.31
2025-09-04,73.8,78.12,104.32,84.46
2025-09-05,64.44,74.42,119.86,80.94
2025-09-06,68.7,76.07,91.95,77.86
2025-09-07,86.69,70.12,92.98,87.73
2025-09-08,60.57,75.8,87.31,73.69
2025-09-09,86.15,72.88,115.83,91.98
2025-09-10,66.78,71.17,109.78,77.91
2025-09-11,83.25,78.67,84.23,93.04
2025-09-12,55.93,67.31,119.27,76
2025-09-13,75.86,77.82,109.24,83.52
2025-09-14,62.63,78.42,114.02,81.44
2025-09-15,55.85,70.6,81.93,71.66
2025-09-16,72.19,70.9,100.2,82.78
2025-09-17,80.09,73.88,107.94,87.08
2025-09-18,61.55,76.41,101.72,77.18
2025-09-19,55.01,74.24,106.67,71.87
2025-09-20,69.08,77.17,112.71,82.75
2025-09-21,69.13,83.81,94.97,82.08
2025-09-22,75.48,72.46,113.95,85.44
2025-09-23,79.5,66.42,86.52,79.91
2025-09-24,69.41,79.13,90.84,81.98
2025-09-25,88.56,83.42,81.73,92.18
2025-09-26,72.24,76.96,94.58,84
2025-09-27,66.54,69.56,95.2,75.91
2025-09-28,53.88,74.38,112.21,73.88
2025-09-29,67.37,69.41,106.13,80.96
2025-09-30,66.64,78.21,97.47,84.19
2025-10-01,79.6,68.24,106.08,80.61
2025-10-02,74.62,73.5,82.11,80.71
2025-10-03,58.21,69.98,87.21,71.03
2025-10-04,71.72,75.63,105.08,84.71
2025-10-05,76.72,73.17,105.65,82.56
2025-10-06,85.28,75.88,110.97,90.65
2025-10-07,78.88,75.11,96.12,87.24
2025-10-08,77.61,70.07,108.9,85.65
2025-10-09,70.6,78.13,107.36,85.1
2025-10-10,73.88,74.76,118.54,86.97
2025-10-11,82.5,70.06,88.61,87.06
2025-10-12,56.67,86.2,102.07,79.08
2025-10-13,66.51,77.38,104.07,81.38
2025-10-14,62.27,74.23,119.95,80.38
2025-10-15,73.79,82.08,88.05,81.43
2025-10-16,82.3,84.21,100.93,96.25
2025-10-17,64.03,74.27,93.85,73.1
2025-10-18,46.1,76.74,101.04,66.3
2025-10-19,65.88,70.06,89.29,76.03
2025-10-20,79.13,74.26,81.9,86.72
2025-10-21,75.38,74,102.9,79.13
2025-10-22,74.28,75.92,93.43,84.22
2025-10-23,67.2,76.66,87.28,81.3
2025-10-24,57.21,77.8,92.96,76.73
2025-10-25,75.15,76.19,81.97,82.37
2025-10-26,61.66,68.95,118.02,75.78
2025-10-27,91.84,70.31,103.25,92.32
2025-10-28,75.71,72.27,112.59,84.81
2025-10-29,64.19,73.59,96.92,75.58
2025-10-30,63.89,80.25,116.13,80.27
2025-10-31,69.07,69.19,99.33,79.92
2025-11-01,67.6,73.21,102.96,80.4
2025-11-02,81.17,79.77,99.67,91.56
2025-11-03,71.86,73.5,109.33,83.88
2025-11-04,62.68,77.3,102.67,80.2
2025-11-05,88.9,74.3,90.86,93.9
2025-11-06,70.49,76.28,85.82,77.9
2025-11-07,77.69,73.86,104.24,84.87
2025-11-08,63.92,78.34,99.57,79.18
2025-11-09,73.63,67.27,83.84,79.42
2025-11-10,73.11,73.18,95.82,81.38
2025-11-11,51.1,76.48,100.59,73.14
2025-11-12,90.15,77.67,113.08,100.43
2025-11-13,82.91,82.46,83.04,91.41
2025-11-14,66.03,73.04,93.94,78.4
2025-11-15,58.98,82.4,112.91,81.34
2025-11-16,73.48,71.7,105.94,79.63
2025-11-17,70.87,81.64,91.6,84.39
2025-11-18,73.56,79.09,113.81,89.11
2025-11-19,71.92,70.43,99.73,80.01
2025-11-20,75.06,76.54,99.93,83.19
2025-11-21,84.47,74.74,119.06,92.11
2025-11-22,75.68,78.13,117.88,88.33
2025-11-23,59.5,73.88,94.34,72.87
2025-11-24,83.63,73.46,85.62,92.32
2025-11-25,86.41,81.85,93.03,92.93
2025-11-26,101.52,74.51,81.22,96.53
2025-11-27,58.77,79.13,80.83,74.81
2025-11-28,72.43,73.87,95.82,84.4
2025-11-29,49.18,83.33,117.64,74.64
2025-11-30,75.53,71.61,114.85,86.42
2025-12-01,64.52,71.93,100.46,75.79
2025-12-02,89.23,82.62,102.61,99.82
2025-12-03,62.25,72.78,80.24,75.61
2025-12-04,53.11,83.01,88.62,76.03
2025-12-05,65.29,79.46,80.99,79.79
2025-12-06,50.25,74.23,110.18,72.51
2025-12-07,77.51,65.93,85.83,79.71
2025-12-08,49.35,74.9,114.76,70.06
2025-12-09,70.28,75.51,105.73,85.64
2025-12-10,49.22,80.84,89.18,73.91
2025-12-11,66.8,82.94,86.31,79.59
2025-12-12,86.43,71.58,105.1,91.5
2025-12-13,73.61,79.01,116.03,86.51
2025-12-14,61.37,78.83,108.73,77.83
2025-12-15,69.69,80.37,93.94,83.93
2025-12-16,70.18,77.49,103.5,85.74
2025-12-17,74.73,65.29,92.43,81.1
2025-12-18,56.33,74.22,119.97,74.84
2025-12-19,75.93,69.22,109.95,85.27
2025-12-20,42.96,73.99,104.58,65.11
2025-12-21,63.7,79.9,96.93,80.7
2025-12-22,65.12,76.53,104.73,82.95
2025-12-23,76.33,80.74,93.66,83.31
2025-12-24,70.23,76.71,81.15,82.53
2025-12-25,55.94,68.51,95.8,67.47
2025-12-26,60.15,62.4,117.22,75.23
2025-12-27,71.99,75.74,105.05,82.72
2025-12-28,69.21,73.93,83.36,77
2025-12-29,64.21,70.12,115.4,79.5
2025-12-30,65.19,66.5,90.75,75.52
2025-12-31,76.96,71.33,89.75,81.68
2026-01-01,64.82,74.03,91.88,75.19
2026-01-02,69.12,78.33,103.09,82.74
2026-01-03,91.7,75.94,101.79,93.17
2026-01-04,55.76,83.04,99.66,74.52
2026-01-05,51.48,69.82,108.7,69.92
2026-01-06,77.84,79.41,92.66,85.8
2026-01-07,63.21,75.24,111.28,80
2026-01-08,66.82,78.47,87.01,83.16
2026-01-09,62.19,72.82,111.3,77.27
2026-01-10,67.4,80.36,106.55,83.5
2026-01-11,85.99,76.48,107.33,96.96
2026-01-12,78.02,71.6,99.26,83
2026-01-13,78.62,74.94,106.68,90.2
2026-01-14,55.84,73.8,83.19,73.48
2026-01-15,58.49,77.45,114.06,79.19
2026-01-16,41.61,69.1,82.22,63.41
2026-01-17,61.91,74.85,85.95,76.24
2026-01-18,79.57,76.98,103.07,87.68
2026-01-19,75.17,75.17,109.58,88.32
2026-01-20,67.78,81.73,83.05,83.93
2026-01-21,69.78,78.87,116.83,87.31
2026-01-22,63.11,74.96,118.94,79.83
2026-01-23,72.05,76.08,104.24,82.65
2026-01-24,77.66,76.48,99.25,87.5
2026-01-25,53.84,77.02,109.66,75.96
2026-01-26,73,65.87,93.13,81.51
2026-01-27,79.32,73.49,99.73,86.1
2026-01-28,65.85,67.58,116.65,78.84
2026-01-29,77.01,81.39,118.23,87.97
2026-01-30,98.15,74.7,117.08,102.45
2026-01-31,68.96,74.03,90.5,78.47
2026-02-01,73.93,79.48,89.3,86.65
2026-02-02,62.62,77.11,91.91,75.31
2026-02-03,71.81,69.36,97.65,82.66
2026-02-04,74.6,74.65,92.57,84.52
2026-02-05,71.95,73.32,94.97,80.43
2026-02-06,59.8,66.28,104.83,74.26
2026-02-07,72.06,71.55,110.5,81.73
2026-02-08,84.62,74.08,109.42,92.85
2026-02-09,74.49,74.43,112.58,85.18
2026-02-10,79.62,67.59,81.29,79.49
2026-02-11,67.63,80.76,81.91,79.11
2026-02-12,77.5,74.49,111.58,86.59
2026-02-13,72.79,75.19,101.32,86.62
2026-02-14,60.49,77,103.13,79.21
2026-02-15,73.19,71.06,82.1,83.8
2026-02-16,60.08,77.28,90.21,79.29
2026-02-17,63.67,73.16,105.53,76.95
2026-02-18,71.89,70.52,114.37,82.4
2026-02-19,72.97,77.87,116.68,85.78
2026-02-20,58.11,82.46,100.02,76.51
2026-02-21,80.54,78.62,101.82,86.27
2026-02-22,75.72,79.61,113.32,88.58
2026-02-23,62.95,72.4,101.5,74.31
2026-02-24,54.62,67.01,100.67,69.57
2026-02-25,68.55,82.45,116.2,89.96
2026-02-26,65.54,85.27,111.6,83.57
2026-02-27,71.13,82.71,116.36,87.79
2026-02-28,66.37,73.32,88.73,79.84
2026-03-01,49.93,69.23,100.98,68.31
2026-03-02,66.12,69.67,113.7,79.49
2026-03-03,66.94,66.58,84.45,74.52
2026-03-04,76.34,74.46,111.79,86.3
2026-03-05,63.02,83.03,87.32,77.84
2026-03-06,86.79,74.29,112.32,94.71
2026-03-07,50.88,76.51,104.48,68.1
2026-03-08,83.11,81.88,87.73,93.33
2026-03-09,67.76,72.98,98.93,76.93
2026-03-10,78.6,85.18,107.28,93.89
2026-03-11,70.8,84.96,105.35,86.29
2026-03-12,81.4,74.34,97.09,85.82
2026-03-13,66.13,72.11,115.97,81.28
2026-03-14,59.01,78.49,100.77,78.74
2026-03-15,84.21,73.26,100.23,88.98
2026-03-16,68.87,69.22,82.49,78.7
2026-03-17,72.22,81.41,116.88,83.01
2026-03-18,82.35,81.08,87.08,87.91
2026-03-19,59.68,75.78,101.13,78.82
2026-03-20,75.95,68.69,112.14,83.81
2026-03-21,64.1,68.85,88.62,71.14
2026-03-22,68.68,75.54,101.09,80.14
2026-03-23,70.72,72.5,89.63,78.55
2026-03-24,55,73.29,110.39,73.02
2026-03-25,62.21,80.11,102.57,78.89
2026-03-26,83.51,78.67,114.24,93.36
2026-03-27,78.86,81.89,115.78,91.51
2026-03-28,69.37,70.05,105.95,82.96
2026-03-29,72.43,73.28,109.02,84.52
2026-03-30,67.06,78.79,101.97,82.86
2026-03-31,83.57,77.24,95.38,92.91
2026-04-01,68,82.66,105.92,83.68
2026-04-02,72.32,77.1,116.33,83.34
2026-04-03,81.46,84.24,96.67,94.65
2026-04-04,62.23,77.7,92.58,77.95
2026-04-05,85.59,80.31,95.54,93.31
2026-04-06,54.7,73.38,97.42,70.65
2026-04-07,86.3,75.07,82.94,88.87
2026-04-08,66.27,79.55,99.94,83.27
2026-04-09,67.57,83.06,99.77,85.71
2026-04-10,51.1,78.65,103.54,74.04
2026-04-11,65.45,74.58,94.51,80.14
2026-04-12,59.6,81.89,104.52,80.11
2026-04-13,63.92,64.04,115.13,75.74
2026-04-14,68.63,67.89,118.22,79.81
2026-04-15,79.58,78.41,103.34,91.87
2026-04-16,72.08,75.07,81.7,80.7
2026-04-17,73.08,78.03,118.77,87.68
2026-04-18,59.04,75.32,108.23,74.77
2026-04-19,61.19,77.85,93.44,75.88
2026-04-20,87.99,70.93,85.89,89.28
2026-04-21,62.65,77.85,85.74,75.7
2026-04-22,86.56,79.97,86.71,94.19
2026-04-23,67.57,81.1,81.82,78.47
2026-04-24,70.02,85.07,116.09,87.85
2026-04-25,80.7,76.22,101.63,89.34
2026-04-26,82.72,76.37,108,87.36
2026-04-27,68.89,67.38,113.12,78.72
2026-04-28,66.12,72.34,111.66,80.29
2026-04-29,69.44,74.03,115.3,83.66
2026-04-30,73.38,80.25,118.69,87.59
2026-05-01,78.91,71.94,97.56,87.23
2026-05-02,70.04,78.98,118.01,85.2
2026-05-03,76.19,74.99,108.93,86.63
2026-05-04,86.38,74.11,82.83,90.26
2026-05-05,73.81,76.24,107.27,87.36
2026-05-06,73.12,73.04,107.47,82.48
2026-05-07,54.81,72.85,116.23,72.68
2026-05-08,43.69,66.48,94.92,60.96
2026-05-09,73.88,73.76,103.4,83.51
2026-05-10,69.05,72.6,80.49,81.37
2026-05-11,64.85,72.42,93.28,78.35
2026-05-12,72.44,77.08,82.49,80.28
2026-05-13,69.4,78.29,100.87,81.84
2026-05-14,81.28,76.16,112.7,91.25
2026-05-15,70.86,79.98,88.26,81.52
2026-05-16,62.53,77.88,101.1,77.33
2026-05-17,79.9,73.52,88.16,88.85
2026-05-18,67.83,72.69,84.83,77.03
2026-05-19,75.27,76.56,100.44,87.74
2026-05-20,65.23,77.87,83.17,81.11
2026-05-21,63.5,81.99,103.49,79.78
2026-05-22,70.84,80.96,81.25,81.23
2026-05-23,70.13,72.29,84.27,78.87
2026-05-24,74.8,74.49,102,82.7
2026-05-25,67.31,78.36,103.66,82.34
2026-05-26,51.64,80.34,81.16,70.82
2026-05-27,65.67,79.69,102.94,82.29
2026-05-28,77.94,74.68,113.54,90.78
2026-05-29,67.03,68.73,108.89,80.23
2026-05-30,67.54,70.01,85.25,78.03
2026-05-31,79.86,76.36,103.7,84.9
2026-06-01,62.88,76.71,106.89,79.99
2026-06-02,54.57,69.51,81.49,72.14
2026-06-03,68.39,75.22,114.21,76.52
2026-06-04,65.16,78.16,116.25,83.36
2026-06-05,60.34,69.24,114.02,74.98
2026-06-06,68.25,80.52,112.99,82.76
2026-06-07,74.92,73.11,109.8,86.78
2026-06-08,69.91,81.29,105.34,88.42
2026-06-09,73.07,72.33,107.15,85.04
2026-06-10,88.13,69.87,112.26,91.31
2026-06-11,66.57,72.71,106.5,77.79
2026-06-12,72.78,74.52,93.11,83.08
2026-06-13,64.91,73.06,95.04,79.42
2026-06-14,61.54,73.92,115.88,77.31
2026-06-15,64.15,76.67,80.68,76.65
2026-06-16,65.21,74.14,107.95,85.22
2026-06-17,73.59,74.67,118.19,88
2026-06-18,93.49,66.45,108.25,95.8
2026-06-19,62.84,76.96,119.76,77.54
2026-06-20,65.83,74.55,107.5,78.65
2026-06-21,69.37,83.05,81.37,83.13
2026-06-22,73.96,70.3,113.08,81.8
2026-06-23,72.64,65.96,91.39,82.31
2026-06-24,82.84,78.09,97.84,93.54
2026-06-25,45.74,76.73,92.48,66.32
2026-06-26,46.13,69.96,90.74,68.3
2026-06-27,65.04,67.35,97.26,75.68
2026-06-28,80.97,82.69,95.15,96.35
2026-06-29,54.34,82.07,105.33,76.25
2026-06-30,39.92,62.56,112.53,61.38
2026-07-01,75.71,72.71,91.88,86.5
2026-07-02,72.44,83.32,88.55,88.2
2026-07-03,59.1,72.62,106.68,76.2
2026-07-04,60.14,72.55,106.81,75.5
2026-07-05,60.3,73.59,116.05,78.25
2026-07-06,71.11,69.4,80.64,76.86
2026-07-07,63.74,66.48,114.12,76.55
2026-07-08,74.94,80.26,100.84,84.93
2026-07-09,41.45,65.79,104.85,58.11
2026-07-10,61.43,76.24,83.65,75.82
2026-07-11,58.74,79.43,97.3,79.27
2026-07-12,67.44,67.74,89.09,78.32
2026-07-13,64.62,70.38,90.17,75.78
2026-07-14,77.98,81.07,100.16,92.73
2026-07-15,51.41,77.66,112.5,72.02
2026-07-16,70.45,71.91,109.75,78.17
2026-07-17,75.58,81.01,103.64,83.75
2026-07-18,88.57,81.03,101.58,93.35
2026-07-19,65.18,76.35,97.09,80.99
2026-07-20,73.24,70.5,118.91,82.77
2026-07-21,51.96,72.93,102.41,71.51
2026-07-22,46.08,76.43,90.16,70.53
2026-07-23,78.45,74.06,89.2,83.41
2026-07-24,69.94,79.69,104.45,85.24
2026-07-25,81.79,67.35,100.91,87.18
2026-07-26,56.27,67.53,80.31,67.08
2026-07-27,75.2,75.9,113.2,89.51
2026-07-28,88.69,72.54,108.16,92.47
2026-07-29,74.2,71.86,106.47,83.14
2026-07-30,72.77,66.16,82.75,82.62
2026-07-31,70.09,75.1,94.48,82.59
2026-08-01,54.29,74.74,117.42,76.06
2026-08-02,83.56,78.27,114.5,95.6
2026-08-03,63.89,75.34,91.42,76.31
2026-08-04,75.04,74.34,86.28,85.89
2026-08-05,54.37,80.89,97.96,73.77
2026-08-06,58.21,68.44,94.23,70.64
2026-08-07,84.35,77.68,107.29,91.87
2026-08-08,66.53,66.64,118.66,77.2
2026-08-09,84.53,70.81,94.52,90.14
2026-08-10,69.22,68.94,82.49,77.89
2026-08-11,51.58,78.91,115.9,73.12
2026-08-12,78.92,74.67,81.52,86.72
2026-08-13,64.1,74.93,118.11,79.69
2026-08-14,76.99,69.47,106.58,83.98
2026-08-15,70.25,73.5,117.67,83.41
2026-08-16,54.57,71.18,87.99,70.94
2026-08-17,71.64,76.92,81.63,82.69
2026-08-18,91.96,70.04,99.53,92.42
2026-08-19,74.93,81.65,98.02,89.11
2026-08-20,69.42,66.62,93.26,77.18
2026-08-21,80.75,70.97,118.31,87.36
2026-08-22,72.11,83.39,112.9,84.98
2026-08-23,72.1,72.82,106.46,85
2026-08-24,59.08,68.43,86.51,71.5
2026-08-25,72.34,76.1,109.37,85.2
2026-08-26,80.35,72.62,109.08,90.26
2026-08-27,61.64,70.82,97,74.06
2026-08-28,84.24,69.52,116.99,87.3
2026-08-29,69.08,88.84,86.68,85.79
2026-08-30,61.12,73.74,90.69,75.85
2026-08-31,79.98,65.37,82.53,81.86
2026-09-01,67.13,82.47,111.82,87.4
2026-09-02,77.6,78.06,104.87,83.3
2026-09-03,67.08,71.17,92.6,80.22
2026-09-04,69.4,70.33,86.55,80.01
2026-09-05,74.94,78.37,81.61,85.39
2026-09-06,72.91,73.77,86.67,75.25
2026-09-07,50.04,65.37,98.13,68.55
2026-09-08,58.79,83.94,89.89,75.79
2026-09-09,79.29,72.83,90.36,84.73
2026-09-10,68.68,82.48,115.02,85.36
2026-09-11,64.76,81.39,100.61,82.29
2026-09-12,56.41,69.99,109.17,74.04
2026-09-13,59.2,80.17,81.43,77.52
2026-09-14,49.78,71.74,94.61,69.66
2026-09-15,68.99,65.67,99.17,78.08
2026-09-16,64.02,72.88,87.46,77.14
2026-09-17,60.33,76.99,84.81,73.29
2026-09-18,69.32,72.69,114.81,80.65
2026-09-19,73.64,73.46,117.58,87.12
2026-09-20,90.93,80.72,83.15,96.84
2026-09-21,54.88,75.53,93.96,73.98
2026-09-22,81.59,70.78,118.33,88.07
2026-09-23,79.73,78.51,83.33,89.4
2026-09-24,62.21,75.99,105.75,75.97
2026-09-25,72.03,62.39,118.89,82.22
2026-09-26,65.42,77.14,119.13,81.5
2026-09-27,71.86,76.96,98.85,87.15
2026-09-28,85.09,75.1,86.51,86.7
2026-09-29,76.06,79.46,88.08,89.75
2026-09-30,75.09,71.64,115.58,84.55
2026-10-01,65.7,76.68,116.47,80.98
2026-10-02,55.16,67.17,104.32,70.79
2026-10-03,67.92,77.04,110.65,81.24
2026-10-04,82.07,84.77,109.6,93.97
2026-10-05,54.73,70.03,106.47,70.02
2026-10-06,59.45,71.2,113.09,74.06
2026-10-07,71.26,71.45,107.42,83.05
2026-10-08,60.15,75.65,101.36,74.68
2026-10-09,62.07,69.68,89.48,72.53
2026-10-10,65.76,77.11,109.76,78.53
2026-10-11,56.34,79.23,98.94,74.38
2026-10-12,60.26,77.67,91.79,79.03
2026-10-13,77.03,66.16,112.08,82.2
2026-10-14,56.93,79.98,107.87,75.47
2026-10-15,54.02,79.69,117.49,76.42
2026-10-16,63.7,79.15,86.62,77.8
2026-10-17,77.32,76.86,105.97,92.19
2026-10-18,68.03,76.1,89.77,79.91
2026-10-19,65.35,80.16,116.14,83.56
2026-10-20,70.44,84.62,83.98,86.4
2026-10-21,52.54,70.23,106.25,72.09
2026-10-22,74.95,80.39,111.64,88.76
2026-10-23,73.83,74.57,94.2,83.22
2026-10-24,65.91,74.35,118.17,85.15
2026-10-25,80.06,67.32,114.03,86.17
2026-10-26,58.73,73.58,91.78,72.96
2026-10-27,81.28,70.01,80.3,83.51
2026-10-28,71.54,72.68,91.87,77.73
2026-10-29,66.63,69.51,91.25,78.55
2026-10-30,69.8,72.76,115.6,77.85
2026-10-31,68.93,72.97,118.68,82.4
2026-11-01,82.2,75.48,82.82,87.38
2026-11-02,59.23,66.93,98.85,76.67
2026-11-03,62.37,67.77,101.93,71.06
2026-11-04,80.36,76.81,83.72,85.51
2026-11-05,64.04,71.01,95.1,76.07
2026-11-06,79.01,80.37,92.68,88.43
2026-11-07,86.99,76.13,101.44,91.69
2026-11-08,65.98,78.03,106.45,81.28
2026-11-09,76.81,82.05,108.14,87.2
2026-11-10,58.46,73.45,85.47,73.72
2026-11-11,77.55,72.13,112.52,81.99
2026-11-12,71.99,79.36,107.14,85.6
2026-11-13,74.73,77.55,115.56,86.21
2026-11-14,63.54,74.06,97.97,79.58
2026-11-15,53.39,81.96,115.76,79.9
2026-11-16,75.03,73.94,114.63,85.39
2026-11-17,49.37,75.16,97.54,72.22
2026-11-18,66.83,75.11,95.25,79.03
2026-11-19,79.41,70.33,117.31,85.58
2026-11-20,71.92,75.39,108.61,87.66
2026-11-21,89.48,81.98,117.13,99.23
2026-11-22,80.25,77.22,111.88,90.23
2026-11-23,63.46,75.16,104.37,79.95
2026-11-24,70.27,74.19,84.63,80.85
2026-11-25,69.53,76.65,91.66,81.41
2026-11-26,54.18,78.75,118.75,73.23
2026-11-27,60.6,78.05,92.78,76.32
2026-11-28,64.39,73.34,83.73,77.59
2026-11-29,49.64,76.62,108.3,71.02
2026-11-30,70.47,77.4,109.36,85.98
2026-12-01,67.51,69.96,91.42,78.4
2026-12-02,53.27,75.84,91.91,69.73
2026-12-03,74.04,64.19,98.76,77.34
2026-12-04,77.16,77.41,80.87,85.03
2026-12-05,72.27,78.3,111.57,84.79
2026-12-06,66.76,78.74,92.68,81.49
2026-12-07,75.91,73.02,114.15,84.73
2026-12-08,76.8,76.55,112.11,86.68
2026-12-09,73.07,82.12,106.46,89.44
2026-12-10,61.75,82.07,92.99,79.47
2026-12-11,72.77,74.85,100.65,82.26
2026-12-12,81.95,75.7,97.79,89.26
2026-12-13,64.03,80.55,93.56,82.75
2026-12-14,90.98,67.5,113.93,93.57
2026-12-15,64.74,73.38,99.34,79.32
2026-12-16,70.32,81.68,113.31,84.69
2026-12-17,63.28,79.88,84.21,80.39
2026-12-18,72.23,76.85,85.64,87.28
2026-12-19,52.58,67.47,119.09,68.86
2026-12-20,64.54,74.75,103.51,76.61
2026-12-21,59.08,72.05,100.39,74.66
2026-12-22,71.35,76.66,100.93,85.32
2026-12-23,79.94,70.95,88.61,85.02
2026-12-24,76.46,69.87,108.75,82.59
2026-12-25,46.28,64.68,83.39,61.76
2026-12-26,90.42,81.11,102.93,98.19
2026-12-27,72.95,73,102.83,82.44
2026-12-28,62.24,75.79,116.57,80.53
2026-12-29,71.57,74.99,101.05,85.37
2026-12-30,71.76,69.66,85.48,79.95
2026-12-31,63.33,68.7,102.91,75.71
2027-01-01,71.98,69.97,83.65,81.2
2027-01-02,63.93,71.38,88.15,74.01
2027-01-03,65.96,76.83,81.24,76.52
2027-01-04,63.14,71.02,100.53,75.81
2027-01-05,55.67,83.73,83.38,74.25
2027-01-06,71.46,80.14,98.78,83.2
2027-01-07,75.85,79.04,117.32,92.52
2027-01-08,75.15,74.4,108.79,90.07
2027-01-09,78.2,82.57,83.1,87.55
2027-01-10,73.24,73.91,88.97,82.59
2027-01-11,64.67,74.84,106.95,79.06
2027-01-12,78.4,75.85,115.79,91.17
2027-01-13,56.42,78.51,81.32,76
2027-01-14,60.99,78.18,112.5,75.56
2027-01-15,60.36,72.62,102.47,76.46
2027-01-16,80.8,72.34,101.84,84.99
2027-01-17,79.43,78.2,118.31,94.29
2027-01-18,74.87,78.58,109.91,88.23
2027-01-19,80.72,73.03,114,87.4
2027-01-20,61.21,67.06,94.16,72.48
2027-01-21,73.49,73.96,102.17,83.32
2027-01-22,68.75,78.12,104.62,84.01
2027-01-23,78.47,84.03,92.86,92.06
2027-01-24,68.85,69.01,102.81,76.9
2027-01-25,66.15,72.87,89.47,81.46
2027-01-26,75.41,73.05,85.74,86.25
2027-01-27,78.76,81.78,94.96,87.71
2027-01-28,63.32,74.83,109.57,79.03
2027-01-29,69.39,70.46,116.65,84.9
2027-01-30,59.42,77.79,98.31,79.06
2027-01-31,45.02,72.98,105.71,66.1
2027-02-01,72,68.88,84.12,80.79
2027-02-02,76.09,70.54,116.18,91.48
2027-02-03,72.62,83.67,102.74,87.52
2027-02-04,50.5,76.92,111.21,70.92
2027-02-05,66.49,75.54,111.78,81.63
2027-02-06,47.82,73.75,90.26,67.71
2027-02-07,83.7,76.46,101.17,89.87
2027-02-08,59.14,76.4,118.42,78.77
2027-02-09,82.55,76.46,83.59,85.96
2027-02-10,79.46,75.57,107.32,87.3
2027-02-11,60.99,79.34,118.49,81.7
2027-02-12,58.67,75.12,92.02,70.94
2027-02-13,73.5,70.11,114.46,85.4
2027-02-14,61.56,71.94,117.35,73.42
2027-02-15,71.02,65.1,109.88,76.18
2027-02-16,65.17,85.13,89.25,81.08
2027-02-17,52.19,79.31,93.36,72.95
2027-02-18,47.7,70.85,81.43,67.75
2027-02-19,72.27,73.59,113.26,84.24
2027-02-20,64.38,71.82,113.98,78.26
2027-02-21,64.47,82.71,105.31,83.46
2027-02-22,76.96,67.9,94.1,81
2027-02-23,81.73,75.57,83.07,87.85
2027-02-24,67.27,74.46,110.12,78.76
2027-02-25,66.59,79.13,109.06,82.68
2027-02-26,75,74.48,116.5,86.18
2027-02-27,56.43,66.21,109.22,69.66
2027-02-28,72.23,73.74,113.15,84.48
2027-03-01,75.52,70.14,109.84,84.67
2027-03-02,76.8,75.4,105.23,89.11
2027-03-03,50.63,82.17,97.08,69.74
2027-03-04,62.39,66.3,116.08,75.41
2027-03-05,61.22,71,106.04,74.22
2027-03-06,71,72.24,95.93,82.83
2027-03-07,74.81,73.09,83.34,83.96
2027-03-08,84.97,78.7,91.63,92.64
2027-03-09,65.05,74.13,101.75,77.45
2027-03-10,65.02,77.08,91.03,80.72
2027-03-11,81.5,71.87,88.85,83.47
2027-03-12,72.97,76.15,101.1,80.88
2027-03-13,82.68,78.89,86.79,87.29
2027-03-14,72.89,71.34,112.02,83.41
2027-03-15,58.43,78.91,99.37,77.91
2027-03-16,56.67,75.26,102.95,68.45
2027-03-17,54.48,80.23,85.9,76.02
2027-03-18,76.62,73.99,92.98,85.13
2027-03-19,81.89,76.91,96.4,86.4
2027-03-20,88.49,74.8,112.33,94.45
2027-03-21,78.43,74.52,110.81,90.13
2027-03-22,81.63,76.29,88.92,89.58
2027-03-23,64.2,77.68,104.65,82.26
2027-03-24,58.44,68.75,89.74,68.81
2027-03-25,78.5,82.17,119.53,91.09
2027-03-26,74.18,65.7,118.08,80.75
2027-03-27,71.07,71.58,102.53,84.96
2027-03-28,73.87,74.53,107.96,86.21
2027-03-29,73.23,77.06,112.06,91.66
2027-03-30,82.84,82.88,108.84,92.8
2027-03-31,82.95,65.71,107.99,85.4
2027-04-01,75.44,72.46,118.34,85.8
2027-04-02,78.46,64.37,103.86,85.97
2027-04-03,75.14,75.16,105.45,84.96
2027-04-04,65.39,76.36,113.97,81.42
2027-04-05,77.57,82.95,106.8,90.6
2027-04-06,56.06,75.6,109.32,74.89
2027-04-07,80.54,80.22,89.37,88.04
2027-04-08,58.05,77.92,94.85,75.21
2027-04-09,72.86,72.82,85.89,81.07
2027-04-10,61.55,67.96,100.23,74.12
2027-04-11,75.53,76.38,98.23,87.58
2027-04-12,69.66,67.54,119.89,84.32
2027-04-13,54.05,81.48,104.45,73.79
2027-04-14,74.21,74.19,111.46,84.56
2027-04-15,64.22,80.98,93.36,78.61
2027-04-16,78.81,72.6,113.26,88.03
2027-04-17,70.01,76.34,104.6,81.93
2027-04-18,73.95,76.05,107.88,86.06
2027-04-19,60.42,74.77,91.78,77.55
2027-04-20,64.11,72.84,101.95,72.75
2027-04-21,65.41,76.96,105.36,81.55
2027-04-22,78.57,70.37,103.56,84.73
2027-04-23,86.77,68.95,116.61,92.22
2027-04-24,61.95,81.21,115.93,79.45
2027-04-25,80.77,78.64,118.84,94.19
2027-04-26,48.3,75.33,106.7,71.61
2027-04-27,58.06,83.33,118.88,81.19
2027-04-28,60.41,73.66,113.3,78.63
2027-04-29,56.47,81.61,90.83,74.12
2027-04-30,54.16,75.88,97.1,71.32
2027-05-01,74.13,69.88,89.54,82.89
2027-05-02,67.86,84.24,80.17,80.89
2027-05-03,73.79,79.95,87.52,87.9
2027-05-04,76.9,74.39,80.16,83.26
2027-05-05,72.66,78.64,108.79,86.93
2027-05-06,76.58,72.98,97.02,89.04
2027-05-07,69.3,79.15,92.5,81.08
2027-05-08,58.13,63.04,110.47,71.28
2027-05-09,80.58,69.9,113.3,89.75
2027-05-10,64.11,79.9,119.01,84.23
2027-05-11,60.64,73.75,105.68,75.8
2027-05-12,68.22,76.04,98.46,80.16
2027-05-13,60.87,68.27,92.21,72.58
2027-05-14,65.83,84.24,88.89,84.98
2027-05-15,73.44,80.95,88.52,84.74
2027-05-16,73.48,74,96.37,83.48
2027-05-17,61.02,72.98,119.67,76.92
2027-05-18,65.12,80.15,80.03,80.55
2027-05-19,80.74,84.91,87.89,91.51
2027-05-20,74.96,79.77,87.54,83.63
2027-05-21,90.75,85.86,108.68,97.72
2027-05-22,81.8,70.39,94.1,82.65
2027-05-23,81.44,70.9,98.29,85.39
2027-05-24,56.12,69.06,85.94,71.48
2027-05-25,77.64,77.21,96.2,89.74
2027-05-26,69.47,75.88,84.13,81.82
2027-05-27,64.49,74.24,101.32,79.63
2027-05-28,71.68,79.05,83.92,82.77
2027-05-29,79.45,81.16,111.62,92.85
2027-05-30,75.01,67.37,102.66,82.79
2027-05-31,61.22,72.02,108.96,80.04
2027-06-01,77.42,79.1,96.74,87.57
2027-06-02,63.62,72.66,95.26,79.45
2027-06-03,72.17,71.01,83.93,81.85
2027-06-04,66.97,80.09,100.95,83.78
2027-06-05,67.81,68.55,100.58,74.14
2027-06-06,77.66,73.49,98.72,87.72
2027-06-07,59.6,76.64,109.62,77.12
2027-06-08,89.45,72.13,113.3,92.96
2027-06-09,51.79,78.92,110.03,70.68
2027-06-10,64.02,72.16,85.75,75.84
2027-06-11,73.7,82.04,104.88,87.59
2027-06-12,75.84,74.37,83.21,80.97
2027-06-13,69,78.36,107.78,80.58
2027-06-14,69.43,78.73,95.27,83.65
2027-06-15,74.11,71.86,85.3,83.48
2027-06-16,67.69,64.73,114.48,78.33
2027-06-17,83.93,76.8,104.56,93.84
2027-06-18,78.39,75.36,94.19,86.42
2027-06-19,78.73,77.78,81.23,86.36
2027-06-20,60.34,73.87,101.49,74.07
2027-06-21,69.21,72.85,116.93,79.24
2027-06-22,67,85.04,103.86,88.31
2027-06-23,59.94,67.64,118.87,77.17
2027-06-24,73.6,78.67,85.46,81.39
2027-06-25,64.62,72.13,102.73,78.21
2027-06-26,76.55,73.32,111.93,86.25
2027-06-27,59.3,73.41,101.02,74.5
2027-06-28,87.19,70.98,83.64,88.25
2027-06-29,61.04,77.86,103.32,78.86
2027-06-30,72.19,81.95,104.47,88.18
2027-07-01,77.92,77.35,109.15,89.41
2027-07-02,64.29,75.52,110.45,79.59
2027-07-03,78.52,70.07,110.83,85.91
2027-07-04,57.71,77.58,106.54,78.19
2027-07-05,84.52,85.78,88.63,94.81
2027-07-06,70.14,73.1,96.17,81.09
2027-07-07,64.04,73.12,111.05,78.71
2027-07-08,67.01,72.19,118.14,81.59
2027-07-09,78.09,72.55,83.16,83.25
2027-07-10,64.16,61.27,101.42,74.79
2027-07-11,62.51,77.03,92.5,75.42
2027-07-12,67.78,70.77,89.02,77.06
2027-07-13,58.23,66.95,100.23,72.96
2027-07-14,88.21,78.77,104.24,92.59
2027-07-15,64.34,69.59,80.39,71.33
2027-07-16,78.32,73.31,111.21,87.56
2027-07-17,72.09,82.33,112.8,84.07
2027-07-18,60.15,67.95,118.62,72.53
2027-07-19,69.94,67.34,87.23,79.14
2027-07-20,77.84,76.35,103.78,87.21
2027-07-21,68.12,80.75,97.07,85.45
2027-07-22,81.93,67.13,93.39,82.94
2027-07-23,80.22,77.04,102.63,89.02
2027-07-24,79.19,77.9,111.3,90.6
2027-07-25,65.4,64.7,80.92,70.87
2027-07-26,59.2,78.99,118.78,81.06
2027-07-27,63.86,79.38,112.4,82.33
2027-07-28,71.96,73.44,110.05,80.34
2027-07-29,75.46,81.26,110.42,88.75
2027-07-30,48.28,80.68,95.56,71.57
2027-07-31,69.92,75.52,110.06,81.99
2027-08-01,71.58,72.74,95.47,78.63
2027-08-02,67.22,70.14,115.95,80.54
2027-08-03,82.91,74.81,87.09,92.8
2027-08-04,74.22,77.85,91.69,84.07
2027-08-05,83.1,73.38,102.05,92.56
2027-08-06,67.84,64.01,92.77,74.08
2027-08-07,79.37,81.34,96.97,90.29
2027-08-08,86.35,75.95,99.7,93.7
2027-08-09,83.12,73.1,114.25,90.52
2027-08-10,59.08,79.29,100.93,76.66
2027-08-11,67.46,82.62,94.5,84.43
2027-08-12,66.55,60.99,89.91,77.1
2027-08-13,74.89,77.17,96.35,86.04
2027-08-14,76.86,67.87,100.63,82.29
2027-08-15,61.61,77.5,109.84,78.57
2027-08-16,70.68,75.64,84.84,86.19
2027-08-17,49.8,78.18,88.86,70.31
2027-08-18,84.42,72.5,95.19,87.98
2027-08-19,64.88,65.63,94.42,72.33
2027-08-20,70.56,72.75,95.67,77.35
2027-08-21,66.9,77.03,111.74,82.85
2027-08-22,81.46,80.08,92.97,91.51
2027-08-23,41.62,69.14,100.08,61.84
2027-08-24,69.83,80.14,104.96,84.42
2027-08-25,68.94,71.76,89.29,76.66
2027-08-26,65.46,76.81,108.75,81.14
2027-08-27,87.26,72.45,101.88,92.49
2027-08-28,61.13,75.91,97.87,75.76
2027-08-29,77.72,79.46,112.39,93.04
2027-08-30,73.56,68.86,89.74,78.98
2027-08-31,82.62,71.6,115.33,90.31
2027-09-01,63.33,75.92,102.44,80.31
2027-09-02,62.67,87.01,104.37,82.69
2027-09-03,80.96,70.68,115,87.97
2027-09-04,74.25,85.2,112.7,87.04
2027-09-05,54.55,85.02,104.06,79.86
2027-09-06,64.61,74.51,110.13,79.24
2027-09-07,73.86,73.51,97.33,84.53
2027-09-08,78.38,71.54,101.9,87.18
2027-09-09,63.21,74.66,82.48,74.78
2027-09-10,40.86,67.97,83.59,59.67
2027-09-11,75.23,74.62,113.18,88.97
2027-09-12,57.8,82.48,82.39,73.68
2027-09-13,49.83,71.94,86.78,71.61
2027-09-14,41.68,73.8,111.83,64.22
2027-09-15,78.14,66.49,80.05,79.13
2027-09-16,71.29,76.87,91.3,82.92
2027-09-17,67.74,76.32,103.36,85.92
2027-09-18,83.89,75.32,103.82,87.02
2027-09-19,76.37,73.92,111.09,86.22
2027-09-20,86.16,73.54,100.24,92.09
2027-09-21,56.07,77.51,100.38,74.75
2027-09-22,69.65,74.86,109.01,83.4
2027-09-23,53.83,76.57,99.94,71.48
2027-09-24,67.71,76.07,104.34,80.29
2027-09-25,67.51,80.62,115.91,84.05
2027-09-26,76.27,78.38,96.06,84.46
2027-09-27,70.46,75.96,95.41,82.11
2027-09-28,76.23,82.59,80.14,86.01
2027-09-29,77.03,77.1,104.54,86.57
2027-09-30,91.55,81.52,81.19,96.3
2027-10-01,66.85,78.03,100.17,77.7
2027-10-02,60.59,65.79,112.17,73.43
2027-10-03,72.46,81.52,102,90.92
2027-10-04,61.98,75.68,90.79,74.37
2027-10-05,84.82,74.74,111.45,94.5
2027-10-06,67.17,76.41,90.79,80.05
2027-10-07,64.34,73.28,109.32,77.64
2027-10-08,65.29,76.14,104.41,77.43
2027-10-09,77.18,72.04,86.8,84.08
2027-10-10,68.42,81.37,116.21,88.13
2027-10-11,63.58,74.43,88.03,75.94
2027-10-12,86.65,73.09,119.58,93.02
2027-10-13,61.44,70.38,80.29,75.07
2027-10-14,70.36,76.34,90.54,82.49
2027-10-15,76.52,75.94,87.99,81.94
2027-10-16,53.69,76.94,80.56,71.24
2027-10-17,74.8,69.86,109.29,86.78
2027-10-18,59.45,66.99,107.74,73.17
2027-10-19,78.23,78.13,111.69,83.88
2027-10-20,60.37,82.42,90.27,78.99
2027-10-21,76.93,69.87,97.77,83.49
2027-10-22,81.06,82.95,106.36,88.79
2027-10-23,78.61,76.42,97.59,84.13
2027-10-24,72.51,74.96,107.89,86.23
2027-10-25,67.69,73.01,105.36,78.89
2027-10-26,64.24,68.08,84.59,72.42
2027-10-27,84.71,79.94,111.24,93.85
2027-10-28,63.01,71.12,108.83,75.85
2027-10-29,59.63,71.1,106.23,75.04
2027-10-30,76.65,79.96,86.2,86.19
2027-10-31,62.04,65.59,90.72,70.13
2027-11-01,60.5,67.38,95.73,71.8
2027-11-02,55.56,74.91,91.2,73.31
2027-11-03,65.17,76.47,89.11,78.68
2027-11-04,69.17,77.42,112.21,83.53
2027-11-05,72.43,73.49,105.53,87.28
2027-11-06,79.51,87.65,102.62,94.49
2027-11-07,75.27,73.86,89.04,85.31
2027-11-08,68.09,73.85,116.72,81.73
2027-11-09,68.02,71.02,87.65,78.43
2027-11-10,75.1,75.62,111.8,85.63
2027-11-11,82.73,78.07,118.67,94.29
2027-11-12,71.26,81.02,109.08,85.85
2027-11-13,65.31,67.55,119.71,78.62
2027-11-14,60.07,73.77,106.04,76.48
2027-11-15,55.55,77.23,88.7,73.06
2027-11-16,76.66,77.94,88.15,91.86
2027-11-17,75.78,75.03,92.98,83.44
2027-11-18,75.77,77.71,80.29,83.22
2027-11-19,68.71,70.96,107.27,81.73
2027-11-20,84.07,82.79,90.75,91.44
2027-11-21,65.16,79.96,112.61,81.76
2027-11-22,79.55,68.28,94.37,82.31
2027-11-23,69.61,69.62,99.2,80.52
2027-11-24,63.92,69.77,118.63,79.13
2027-11-25,75.93,78.39,89.69,85.25
2027-11-26,74.1,68.58,108.85,84.21
2027-11-27,73.57,73.34,110.2,80.78
2027-11-28,70.81,77.27,88.84,80.86
2027-11-29,69.62,74.67,100.04,81.3
2027-11-30,93.88,76.29,94.01,93.9
2027-12-01,81.84,69.67,110.88,84.56
2027-12-02,77.23,77.97,104.9,87.4
2027-12-03,71.12,71.93,99.04,82.74
2027-12-04,80.07,73.38,111.17,91.08
2027-12-05,75.18,76.19,89.41,83.43
2027-12-06,70.26,75.52,110.14,84.84
2027-12-07,66.96,75.12,114.61,82.96
2027-12-08,69.19,71.25,115.14,83.97
2027-12-09,38.3,73.5,111.35,62.81
2027-12-10,72.11,75.01,96.32,79.3
2027-12-11,65.12,68.12,119.27,78.39
2027-12-12,85.93,72.69,95.18,88.12
2027-12-13,70.19,76.94,105.55,82
2027-12-14,58.11,68.61,86.44,70.35
2027-12-15,69.5,80.78,119.22,85.26
2027-12-16,59.54,81.35,108.16,79.36
2027-12-17,74.73,68.77,110.14,84.77
2027-12-18,72.91,81.79,82.63,83.99
2027-12-19,79.58,74.28,110.54,89.31
2027-12-20,62.09,77.09,110.99,79.22
2027-12-21,70.34,72.52,106.87,83.77
2027-12-22,56.35,79.62,91.68,74.45
2027-12-23,77.01,77.03,99.59,86.82
2027-12-24,75.19,70.93,84.42,81.18
2027-12-25,74.96,69.17,98.86,82.21
2027-12-26,70.02,67.7,89.75,76.5
2027-12-27,74.15,75.94,93.96,82.5
2027-12-28,86.04,77.86,86.5,92.97
2027-12-29,67.15,78.25,89.2,78.34
2027-12-30,71.39,74.41,83.06,80.27
2027-12-31,59.14,69.22,116.8,76.88
2028-01-01,61.32,71.59,101.22,74.84
2028-01-02,70.98,80.76,95.87,86.14
2028-01-03,81.04,72.58,101.4,86.61
2028-01-04,67.44,75.72,105.13,79.16
2028-01-05,67.64,69.62,116.88,76.93
2028-01-06,65.93,76.68,87.15,81.57
2028-01-07,64.65,72.71,91.82,74.78
2028-01-08,72.95,80.23,119.03,89.26
2028-01-09,55.03,78.87,94.85,72.05
2028-01-10,82.81,72.52,80.9,89.42
2028-01-11,63.35,74.37,85.91,80.76
2028-01-12,77.22,72.24,81.05,79.96
2028-01-13,57.3,67.9,119.6,71.33
2028-01-14,76.69,70.71,91.15,84.96
2028-01-15,76.72,75.99,116.94,89.15
2028-01-16,73.84,76.63,119.84,88.49
2028-01-17,60.06,75.74,103.99,75.58
2028-01-18,72.5,73.49,81.33,85
2028-01-19,58.17,79.67,83.26,75.33
2028-01-20,67.47,75.32,99.26,78.1
2028-01-21,80.29,78.52,96.25,88.7
2028-01-22,77.97,66.13,104.25,81.25
2028-01-23,70.15,55.39,97.55,77.18
2028-01-24,60.25,76.42,117.36,77.13
2028-01-25,76.46,67.88,101.39,84.15
2028-01-26,70.19,73.94,107.75,81.52
2028-01-27,46.8,73.49,115.86,67.83
2028-01-28,77.83,82.94,85.87,84.64
2028-01-29,69.76,77,89.19,82.77
2028-01-30,82.02,75.83,84.29,90.57
2028-01-31,59.05,79.18,85.59,73.83
2028-02-01,38.23,76.84,100.5,60.63
2028-02-02,72.79,72.71,92.85,83.65
2028-02-03,72.92,80.36,96.93,82.3
2028-02-04,53.09,69.45,119.3,74
2028-02-05,60.22,76.62,86.27,73.6
2028-02-06,97.55,67.26,101.63,93.39
2028-02-07,66.94,76.02,83.95,79.46
2028-02-08,77.31,75.96,92.74,83.97
2028-02-09,63.49,83.38,101.1,80.14
2028-02-10,49.1,67.18,117.87,68.83
2028-02-11,68.3,72,95.65,74.49
2028-02-12,67.34,79.11,82.6,83.59
2028-02-13,66,76.68,95.53,79.91
2028-02-14,68.85,75.9,85.83,77.67
2028-02-15,72.64,70.22,89.2,78.56
2028-02-16,68.5,72.05,104.72,82.38
2028-02-17,57.36,81.23,82.7,76.38
2028-02-18,74.86,74.74,98.59,87.44
2028-02-19,50.51,76.88,104.38,70.13
2028-02-20,49.5,74.42,96.87,69.75
2028-02-21,77.39,69.08,80.77,83
2028-02-22,75.07,79.67,119.42,90.24
2028-02-23,69.43,77.52,94.68,84.39
2028-02-24,56.05,86.53,111.14,77.92
2028-02-25,62.92,69.92,93.03,74.79
2028-02-26,67.37,79.11,99,80.75
2028-02-27,54.04,68.44,95.54,69.25
2028-02-28,62.61,75.79,93.7,78.65
2028-02-29,76.52,79.88,80.87,82.64
2028-03-01,84.27,64.64,94.4,88.08
2028-03-02,65.81,73.98,115.58,78.36
2028-03-03,77.56,72.18,107.62,85.56
2028-03-04,50.86,71.49,85.82,70.18
2028-03-05,76.59,76.93,103.65,87.75
2028-03-06,61.96,80.6,115.69,81.66
2028-03-07,73.07,74.33,108,82.01
2028-03-08,67.52,76.03,85.95,77.43
2028-03-09,83.2,75.57,114.71,93.5
2028-03-10,61.26,75.01,92.06,74.79
2028-03-11,76.28,69.55,98.16,82.41
2028-03-12,67.2,80.54,101.05,84.57
2028-03-13,68.42,76.48,114.02,80.95
2028-03-14,68.16,76.97,117.26,83.95
2028-03-15,61.54,70.97,117.19,77.12
2028-03-16,69.86,72.7,80.32,79.02
2028-03-17,69.37,74.12,116.88,81.92
2028-03-18,72.41,67.33,82.18,77.44
2028-03-19,70.85,66.56,90.63,76.04
2028-03-20,77.98,72,100.6,86.61
2028-03-21,79.24,77.61,99.2,87.17
2028-03-22,59.49,71.73,104.19,76.74
2028-03-23,78.69,69.91,99.18,84.65
2028-03-24,58.14,70.93,117.38,72.88
2028-03-25,75.88,72.72,89.62,83.1
2028-03-26,76.2,73.23,90.96,83.29
2028-03-27,50.89,85.83,116.83,78.57
2028-03-28,70.93,80.27,83.07,82.23
2028-03-29,65.32,80.12,104.38,81.13
2028-03-30,62.41,80.84,107.27,83.33
2028-03-31,83.51,70.01,100.22,89.15
2028-04-01,63.46,68.89,107.77,79.73
2028-04-02,61.94,69.47,86.91,76.16
2028-04-03,70.76,81.67,114.11,84.76
2028-04-04,76.86,72.26,85.6,85.56
2028-04-05,68.58,68.74,96.03,81.3
2028-04-06,81.66,72.85,83.01,89.5
2028-04-07,75.31,73.81,101.81,86.87
2028-04-08,48.22,76.34,106.79,72.08
2028-04-09,64.71,76.25,117.65,80.49
2028-04-10,64.38,70.86,109.57,76.25
2028-04-11,74.79,78.43,101.64,85.71
2028-04-12,43.75,71.8,117.3,63.37
2028-04-13,95.49,74.22,99.14,99.58
2028-04-14,75.31,78.43,102.45,86.24
2028-04-15,71.49,71.79,103.84,84.58
2028-04-16,81.82,72.15,96.4,85.13
2028-04-17,93.44,77.96,113.54,100.77
2028-04-18,78.71,70.71,87.41,83.26
2028-04-19,79.49,73.08,102.19,84.58
2028-04-20,71.31,77.78,108.89,88.04
2028-04-21,68.58,85.27,116.16,89.09
2028-04-22,65.24,78.03,115.36,82.32
2028-04-23,61.74,77.36,100.35,78.09
2028-04-24,63.13,77.65,105.73,80.39
2028-04-25,56.49,69.63,95.77,71.71
2028-04-26,69.24,75.58,98.73,80.06
2028-04-27,53.15,74.85,116.25,72.63
2028-04-28,71.91,76.61,117.23,89.43
2028-04-29,69.64,75.58,115.82,88.94
2028-04-30,71.47,76.9,85.53,85.32
2028-05-01,64.78,73.44,114,80.6
2028-05-02,100.77,75.29,117.93,101.7
2028-05-03,83.6,68.86,94.45,85.55
2028-05-04,57.55,73.4,100.75,72.5
2028-05-05,72.33,81.95,111.16,86.19
2028-05-06,63.92,76.59,102.48,83.54
2028-05-07,59.86,74.9,119.74,81.46
2028-05-08,56.6,84.48,98.23,79.07
2028-05-09,74.32,68.2,108.56,80.81
2028-05-10,63.19,69.45,111.7,78.65
2028-05-11,79.68,83.56,99.76,90.73
2028-05-12,79.94,75.23,114.28,85.18
2028-05-13,83.74,73.79,101.85,90.52
2028-05-14,61.48,69,96.47,72.45
2028-05-15,74.75,77.24,84.31,82.56
2028-05-16,76.32,77.72,95.74,85.95
2028-05-17,65.26,69.53,109.36,76.91
2028-05-18,62.28,74.3,116.85,78.7
2028-05-19,86.1,73.32,90.07,89.83
2028-05-20,72.27,76.28,94.21,79.54
2028-05-21,76.36,69.4,86.16,85.23
2028-05-22,61.78,81.26,107.63,78.37
2028-05-23,57.81,79.58,118.41,76.45
2028-05-24,64.31,73.18,105.64,77.76
2028-05-25,68.76,73.92,104.68,81.08
2028-05-26,59.36,74.32,102.14,78.48
2028-05-27,69.9,71.11,83.54,79.28
2028-05-28,53.11,72.78,109.18,73.03
2028-05-29,58.8,73.65,104.08,75.7
2028-05-30,76.71,83.06,106.46,90.36
2028-05-31,76.04,79.73,115.95,89.73
2028-06-01,66.08,79.67,111.36,78.79
2028-06-02,59.82,76.85,111.24,77.26
2028-06-03,59.73,69.41,117.09,77.64
2028-06-04,66.27,74.79,119.6,89.52
2028-06-05,76.45,79.85,103.25,85.73
2028-06-06,79.28,68.71,84.36,84.33
2028-06-07,65.03,78.18,98.37,78.98
2028-06-08,58.47,86.61,111.5,84.97
2028-06-09,72.68,80.31,81.11,81.14
2028-06-10,61.76,82.07,82.28,79.36
2028-06-11,64.82,76.09,82.69,74.78
2028-06-12,83.25,79.84,109.24,92.17
2028-06-13,78.27,71.41,100.05,85.46
2028-06-14,71.58,78.98,94.76,86.16
2028-06-15,57.28,78.27,84.22,71.94
2028-06-16,72.11,76.45,109.29,86.1
2028-06-17,80.63,81.58,92.84,90.33
2028-06-18,66.24,72.31,90.61,78.27
2028-06-19,83.51,74.06,106.09,92.26
2028-06-20,82.93,75.48,102.36,87.62
2028-06-21,86.64,69.85,94.5,91
2028-06-22,73.05,76.13,105.66,83.71
2028-06-23,75.87,66.41,90.85,83.36
2028-06-24,84.14,80.23,111.79,94.42
2028-06-25,74.47,75.23,89.17,83.27
2028-06-26,64.99,72.4,86.35,75.41
2028-06-27,65.51,70.83,111.3,80.41
2028-06-28,72.39,73.83,108.32,86.32
2028-06-29,57.09,78.44,87.31,73.3
2028-06-30,68.57,77.74,84.65,78.44
2028-07-01,80.97,71.47,113.54,89.91
2028-07-02,48.09,70.77,111.06,65.37
2028-07-03,85.34,78.28,93.09,89.21
2028-07-04,81.22,71.39,106.33,85.8
2028-07-05,65.4,75.3,84.97,77.03
2028-07-06,75.43,75.62,100.28,82.86
2028-07-07,70.03,76.56,80.75,76.84
2028-07-08,82.3,79.29,95.66,88.39
2028-07-09,79.83,68.69,82.99,84.96
2028-07-10,56,65.44,99.01,67.13
2028-07-11,75.87,72.16,96.87,83.39
2028-07-12,67.94,84.01,97.78,88.04
2028-07-13,70.83,85.11,81.81,84.62
2028-07-14,62.72,84.16,94.46,81.43
2028-07-15,87.48,74.04,110.26,91.24
2028-07-16,80.4,66.09,94.76,88.48
2028-07-17,62.6,63.28,108.61,72.65
2028-07-18,56.65,71.93,94.78,71.78
2028-07-19,66.14,74.01,96.93,81.62
2028-07-20,74.35,81.5,102.56,87.1
2028-07-21,72.4,79.34,118.03,87.07
2028-07-22,82.53,76.14,84.35,87.85
2028-07-23,77.9,70.55,81.32,82.54
2028-07-24,79.7,70.2,104.32,87.07
2028-07-25,73.27,76.27,117.96,87.37
2028-07-26,56.11,78.49,119.59,75.73
2028-07-27,68.04,76.96,99.37,80.01
2028-07-28,80.6,69.83,98.72,84.95
2028-07-29,69.48,78.25,105.8,80.77
2028-07-30,75.03,77.13,102.23,82.91
2028-07-31,66.81,69.65,105.36,79.08
2028-08-01,59.7,71.08,114.96,77.63
2028-08-02,68.77,78.44,109.85,85.37
2028-08-03,73.09,73.83,99.88,78.61
2028-08-04,63.44,82.95,98.47,80.6
2028-08-05,67.64,77.51,105.58,79.94
2028-08-06,60.61,72.57,98.23,75.5
2028-08-07,81.19,74.95,98.31,87.69
2028-08-08,67.06,75.32,80.65,79.61
2028-08-09,84.53,71.36,86.96,87.92
2028-08-10,85.29,70.44,99.54,85.51
2028-08-11,69.19,78.51,112.91,82.27
2028-08-12,59.92,79.23,91.15,76.77
2028-08-13,49.14,78.02,100.91,70.96
2028-08-14,55.28,82.58,93.8,72.77
2028-08-15,56.26,72.29,84.19,68.02
2028-08-16,83.78,83.37,118.33,95.56
2028-08-17,71.16,70.5,114.19,79.51
2028-08-18,73.9,69.94,83.14,77.29
2028-08-19,47.8,66.2,108.79,65.15
2028-08-20,58.02,72.77,93.9,72.33
2028-08-21,78.87,72.48,119.79,86.54
2028-08-22,72.87,77.63,92.1,82.58
2028-08-23,68.53,76.22,89.55,80.59
2028-08-24,75.65,69.04,102.72,81.84
2028-08-25,86.36,73.04,113.41,92.51
2028-08-26,67.79,73.14,87.7,77.94
2028-08-27,70.69,66.12,108.38,80.04
2028-08-28,71.93,70.1,82.46,81.2
2028-08-29,93.92,71.15,116.76,98.17
2028-08-30,49.01,82.17,83.24,73.17
2028-08-31,76.83,75.96,116.57,89.82
2028-09-01,68.85,78.31,99.63,83.07
2028-09-02,75.67,67.51,97.92,81.33
2028-09-03,63.43,80.97,118.93,81.56
2028-09-04,69.51,81.51,119.62,84.52
2028-09-05,77.11,65.01,106.01,82.88
2028-09-06,101.13,71.47,85.08,99.17
2028-09-07,78.08,77.48,100.25,86.41
2028-09-08,61.52,78.22,101.17,78.24
